"","Species","IT","Brain.weight","residuals","Brain.IT","original.trends","source","f.trend","Bartomeus.Estimate","Bartomeus.SE"
"1","Agapostemon sericeus",2.4765,0.855,-0.172039468063431,0.345245305875227,"increasing","Bartomeus","increasing",0.0054,0.0024
"2","Agapostemon virescens",2.0955,1.312,0.564603130496871,0.626103555237414,"increasing","Bartomeus","increasing",0.0052,0.0026
"3","Agapostemon virescens",1.3335,1.25,1.35070533053178,0.937382827146607,"increasing","Bartomeus","increasing",0.0052,0.0026
"4","Andrena barbilabris",2.34,1.13,0.211509993284588,0.482905982905983,"1.59","Scheper","increasing",-0.0095,0.0024
"5","Andrena barbilabris",2.28,0.924,0.0582083377309799,0.405263157894737,"1.59","Scheper","increasing",-0.0095,0.0024
"6","Andrena barbilabris",2.34,0.296,-1.12810346409774,0.126495726495726,"1.59","Scheper","increasing",-0.0095,0.0024
"7","Andrena barbilabris",2.31,1.038,0.150412021544096,0.449350649350649,"1.59","Scheper","increasing",-0.0095,0.0024
"8","Andrena barbilabris",2.19,0.84,0.0372568563452988,0.383561643835616,"1.59","Scheper","increasing",-0.0095,0.0024
"9","Andrena bicolor",1.83,0.739,0.240726188376002,0.403825136612022,"1.26","Scheper","increasing",NA,NA
"10","Andrena bicolor",2.58,0.666,-0.497445574816887,0.258139534883721,"1.26","Scheper","increasing",NA,NA
"11","Andrena carantonica",2.79,1.748,0.323013339752495,0.626523297491039,"1.92","Scheper","increasing",NA,NA
"12","Andrena carantonica",2.82,2.08,0.47716197878655,0.73758865248227,"1.92","Scheper","increasing",NA,NA
"13","Andrena carantonica",2.79,1.728,0.311505732901015,0.619354838709677,"1.92","Scheper","increasing",NA,NA
"14","Andrena carantonica",2.7,1.686,0.347440584877568,0.624444444444444,"1.92","Scheper","increasing",NA,NA
"15","Andrena carlini",2.4765,1.26,0.215726062945333,0.50878255602665,"declining","Bartomeus","declining",-0.0047,0.0016
"16","Andrena carlini",4.1,1.6,-0.476189502686144,0.390243902439024,"declining","Bartomeus","declining",-0.0047,0.0016
"17","Andrena carlini",2.7305,1.814,0.399876366739413,0.664347189159495,"declining","Bartomeus","declining",-0.0047,0.0016
"18","Andrena chrysosceles",1.83,0.864,0.397001036231856,0.472131147540984,"1.7","Scheper","increasing",NA,NA
"19","Andrena chrysosceles",1.92,0.578,-0.0936384754921107,0.301041666666667,"1.7","Scheper","increasing",NA,NA
"20","Andrena chrysosceles",1.86,1.123,0.629165019362052,0.603763440860215,"1.7","Scheper","increasing",NA,NA
"21","Andrena chrysosceles",1.8,0.759,0.297948504797993,0.421666666666667,"1.7","Scheper","increasing",NA,NA
"22","Andrena cineraria",2.34,1.4,0.425764597181552,0.598290598290598,"0.94","Scheper","declining",NA,NA
"23","Andrena cineraria",2.55,1.803,0.520066666020257,0.707058823529412,"0.94","Scheper","declining",NA,NA
"24","Andrena cineraria",3.42,1.492,-0.211251234233594,0.43625730994152,"0.94","Scheper","declining",NA,NA
"25","Andrena cineraria",2.64,1.727,0.412959715352269,0.654166666666667,"0.94","Scheper","declining",NA,NA
"26","Andrena cineraria",2.67,1.745,0.402465822846692,0.653558052434457,"0.94","Scheper","declining",NA,NA
"27","Andrena crataegi",2.0955,0.98,0.272847732657455,0.467668814125507,"declining","Bartomeus","declining",-0.007,0.0018
"28","Andrena crataegi",1.7145,0.632,0.20468783504866,0.36862058909303,"declining","Bartomeus","declining",-0.007,0.0018
"29","Andrena crataegi",2.0955,0.783,0.0484278569836402,0.373657838224767,"declining","Bartomeus","declining",-0.007,0.0018
"30","Andrena dorsata",2.4,0.588,-0.48848086706465,0.245,"1.2","Scheper","increasing",NA,NA
"31","Andrena dorsata",2.49,0.753,-0.309113138404232,0.302409638554217,"1.2","Scheper","increasing",NA,NA
"32","Andrena dorsata",1.68,0.619,0.22143524913278,0.368452380952381,"1.2","Scheper","increasing",NA,NA
"33","Andrena dorsata",2.44,0.87,-0.127233063289209,0.35655737704918,"1.2","Scheper","increasing",NA,NA
"34","Andrena dorsata",2.3,0.758,-0.15594555811348,0.329565217391304,"1.2","Scheper","increasing",NA,NA
"35","Andrena dunningi",2.6035,1.549,0.329888424088887,0.594968311887843,"stable","Bartomeus","stable",-0.0045,0.0029
"36","Andrena dunningi",2.54,1.304,0.203305908944929,0.513385826771654,"stable","Bartomeus","stable",-0.0045,0.0029
"37","Andrena dunningi",2.6035,1.184,0.0611773991159694,0.454772421739965,"stable","Bartomeus","stable",-0.0045,0.0029
"38","Andrena dunningi",2.36,0.6,-0.437246760530139,0.254237288135593,"stable","Bartomeus","stable",-0.0045,0.0029
"39","Andrena dunningi",2.4765,1.101,0.080833199722489,0.44457904300424,"stable","Bartomeus","stable",-0.0045,0.0029
"40","Andrena flavipes",2.406,0.73,-0.27677333263227,0.303408146300914,"2.12","Scheper","increasing",NA,NA
"41","Andrena flavipes",2.689,1.43,0.190293598001811,0.531796206768315,"2.12","Scheper","increasing",NA,NA
"42","Andrena flavipes",2.91,1.557,0.12955047597275,0.535051546391753,"2.12","Scheper","increasing",NA,NA
"43","Andrena flavipes",2.946,1.16,-0.187491412384265,0.393754243041412,"2.12","Scheper","increasing",NA,NA
"44","Andrena flavipes",2.392,0.736,-0.257813000052348,0.307692307692308,"2.12","Scheper","increasing",NA,NA
"45","Andrena flavipes",2.381,1.59,0.52095638328859,0.667786644267115,"2.12","Scheper","increasing",NA,NA
"46","Andrena flavipes",2.382,1.303,0.321116387089404,0.547019311502939,"2.12","Scheper","increasing",NA,NA
"47","Andrena flavipes",2.421,0.588,-0.504565938978051,0.242874845105328,"2.12","Scheper","increasing",NA,NA
"48","Andrena flavipes",2.622,1.523,0.299887679904076,0.580854309687262,"2.12","Scheper","increasing",NA,NA
"49","Andrena fragilis",1.27,0.24,-0.209472086747444,0.188976377952756,"stable","Bartomeus","stable",-0.0023,0.0029
"50","Andrena fragilis",1.27,0.515,0.554055890574301,0.405511811023622,"stable","Bartomeus","stable",-0.0023,0.0029
"51","Andrena fragilis",1.27,0.337,0.129971920262927,0.265354330708661,"stable","Bartomeus","stable",-0.0023,0.0029
"52","Andrena fragilis",1.27,0.398,0.296340995195003,0.313385826771654,"stable","Bartomeus","stable",-0.0023,0.0029
"53","Andrena fragilis",1.27,0.4,0.301353537018547,0.31496062992126,"stable","Bartomeus","stable",-0.0023,0.0029
"54","Andrena frigida",2.032,0.606,-0.151010376673567,0.298228346456693,"stable","Bartomeus","stable",-3e-04,0.0031
"55","Andrena frigida",2.032,0.483,-0.377873709090308,0.237696850393701,"stable","Bartomeus","stable",-3e-04,0.0031
"56","Andrena frigida",2.2225,0.494,-0.520807995741075,0.222272215973003,"stable","Bartomeus","stable",-3e-04,0.0031
"57","Andrena frigida",2.286,0.657,-0.287672082979226,0.28740157480315,"stable","Bartomeus","stable",-3e-04,0.0031
"58","Andrena fucata",2.57,0.752,-0.368828719031881,0.292607003891051,"1.64","Scheper","increasing",NA,NA
"59","Andrena fucata",2.75,0.65,-0.639579660415708,0.236363636363636,"1.64","Scheper","increasing",NA,NA
"60","Andrena fulva",2.79,1.484,0.15928220726434,0.531899641577061,"1.79","Scheper","increasing",NA,NA
"61","Andrena fulva",2.88,1.635,0.19756545808027,0.567708333333333,"1.79","Scheper","increasing",NA,NA
"62","Andrena fulva",2.61,1.655,0.391476009447553,0.634099616858238,"1.79","Scheper","increasing",NA,NA
"63","Andrena fulvida",2.08,0.701,-0.0484892926662521,0.337019230769231,"0.43","Scheper","declining",NA,NA
"64","Andrena fulvida",2,0.295,-0.84160764833565,0.1475,"0.43","Scheper","declining",NA,NA
"65","Andrena gravida",3.34,1.954,0.102211852913756,0.585029940119761,"0.62","Scheper","declining",NA,NA
"66","Andrena gravida",2.37,1.348,0.364393993941225,0.568776371308017,"0.62","Scheper","declining",NA,NA
"67","Andrena gravida",2.46,1.67,0.509780507661212,0.678861788617886,"0.62","Scheper","declining",NA,NA
"68","Andrena gravida",2.37,1.405,0.405809284236818,0.592827004219409,"0.62","Scheper","declining",NA,NA
"69","Andrena hippotes",2.032,0.636,-0.102691799402759,0.312992125984252,"stable","Bartomeus","stable",0.0024,0.0028
"70","Andrena hippotes",1.905,0.483,-0.258714637523457,0.253543307086614,"stable","Bartomeus","stable",0.0024,0.0028
"71","Andrena hippotes",1.9685,0.591,-0.117455936548685,0.300228600457201,"stable","Bartomeus","stable",0.0024,0.0028
"72","Andrena hirticincta",2.4765,0.906,-0.114101630957212,0.365838885523925,"stable","Bartomeus","stable",-0.0048,0.0028
"73","Andrena hirticincta",2.8575,1.43,0.0780781509913277,0.500437445319335,"stable","Bartomeus","stable",-0.0048,0.0028
"74","Andrena labiata",2.31,0.771,-0.146950668618409,0.333766233766234,"1.03","Scheper","increasing",NA,NA
"75","Andrena labiata",2.35,0.629,-0.382205126920567,0.267659574468085,"1.03","Scheper","increasing",NA,NA
"76","Andrena labiata",2.04,0.34,-0.736199468774065,0.166666666666667,"1.03","Scheper","increasing",NA,NA
"77","Andrena milwaukeensis",2.4765,1,-0.0153856580180538,0.403795679386231,"stable","Bartomeus","stable",-9e-04,0.0036
"78","Andrena milwaukeensis",2.0955,1.005,0.298037981486013,0.479599141016464,"stable","Bartomeus","stable",-9e-04,0.0036
"79","Andrena miserabilis",1.27,0.309,0.0432302668083106,0.243307086614173,"stable","Bartomeus","stable",-0.0032,0.0018
"80","Andrena miserabilis",2.84,0.6,-0.779079824740566,0.211267605633803,"stable","Bartomeus","stable",-0.0032,0.0018
"81","Andrena nasonii",1.27,0.368,0.217971928079496,0.289763779527559,"stable","Bartomeus","stable",-0.0016,0.002
"82","Andrena nasonii",1.27,0.293,-0.00993840107236761,0.230708661417323,"stable","Bartomeus","stable",-0.0016,0.002
"83","Andrena nigriceps",2.62,0.814,-0.325180436419422,0.310687022900763,"0.38","Scheper","declining",NA,NA
"84","Andrena nigroaenea",3.68,1.678,-0.229050409382147,0.455978260869565,"1.69","Scheper","increasing",NA,NA
"85","Andrena nigroaenea",3.33,1.46,-0.183694054567967,0.438438438438438,"1.69","Scheper","increasing",NA,NA
"86","Andrena nigroaenea",3.71,2,-0.0684963776012621,0.539083557951482,"1.69","Scheper","increasing",NA,NA
"87","Andrena nitida",2.76,2.112,0.532136890782494,0.765217391304348,"1.21","Scheper","increasing",NA,NA
"88","Andrena nitida",3.42,1.612,-0.133893091930726,0.471345029239766,"1.21","Scheper","increasing",NA,NA
"89","Andrena nitida",2.73,1.924,0.459086491050886,0.704761904761905,"1.21","Scheper","increasing",NA,NA
"90","Andrena nitida",2.67,2.513,0.767188525753757,0.941198501872659,"1.21","Scheper","increasing",NA,NA
"91","Andrena nitida",2.46,1.707,0.531694325044852,0.69390243902439,"1.21","Scheper","increasing",NA,NA
"92","Andrena nubecula",1.27,0.437,0.389822185006155,0.344094488188976,"declining","Bartomeus","declining",-0.0068,0.0029
"93","Andrena nubecula",1.397,0.394,0.110266351377366,0.282032927702219,"declining","Bartomeus","declining",-0.0068,0.0029
"94","Andrena ovatula",2.71,0.771,-0.441810787862219,0.28450184501845,"0.48","Scheper","declining",NA,NA
"95","Andrena ovatula",2.57,0.734,-0.393056014367205,0.285603112840467,"0.48","Scheper","declining",NA,NA
"96","Andrena ovatula",2.8,0.734,-0.551311008101728,0.262142857142857,"0.48","Scheper","declining",NA,NA
"97","Andrena pilipes",2.928,1.532,0.101978265074891,0.523224043715847,"0.25","Scheper","declining",NA,NA
"98","Andrena pilipes",2.809,0.806,-0.463661392224253,0.286934852260591,"0.25","Scheper","declining",NA,NA
"99","Andrena pilipes",2.974,1.808,0.238844479719452,0.607935440484196,"0.25","Scheper","declining",NA,NA
"100","Andrena pilipes",2.663,1.47,0.235820576275104,0.552009012392039,"0.25","Scheper","declining",NA,NA
"101","Andrena pilipes",2.74,1.22,-0.00321974046628822,0.445255474452555,"0.25","Scheper","declining",NA,NA
"102","Andrena pilipes",3.033,2.119,0.361297589998679,0.698648203099242,"0.25","Scheper","declining",NA,NA
"103","Andrena pilipes",3.198,1.245,-0.268317234674941,0.389305816135084,"0.25","Scheper","declining",NA,NA
"104","Andrena pruni",1.7145,0.709,0.31965396743393,0.413531641878099,"increasing","Bartomeus","increasing",0.022,0.0039
"105","Andrena pruni",1.778,0.642,0.153240261559752,0.361079865016873,"increasing","Bartomeus","increasing",0.022,0.0039
"106","Andrena pruni",1.7145,0.67,0.263076153286814,0.390784485272674,"increasing","Bartomeus","increasing",0.022,0.0039
"107","Andrena pruni",1.8415,0.621,0.0551930660780713,0.33722508824328,"increasing","Bartomeus","increasing",0.022,0.0039
"108","Andrena rugosa",1.524,0.603,0.375181376349944,0.395669291338583,"stable","Bartomeus","stable",0.002,0.0029
"109","Andrena rugosa",1.4605,0.388,0.0128483904534568,0.265662444368367,"stable","Bartomeus","stable",0.002,0.0029
"110","Andrena rugosa",1.651,0.555,0.144447457832839,0.336159903089037,"stable","Bartomeus","stable",0.002,0.0029
"111","Andrena semilaevis",1.51,0.3,-0.305913971601621,0.198675496688742,"0.95","Scheper","declining",NA,NA
"112","Andrena semilaevis",1.64,0.254,-0.624843849644457,0.154878048780488,"0.95","Scheper","declining",NA,NA
"113","Andrena simplex",3.53,0.7,-1.02649337445566,0.198300283286119,"stable","Bartomeus","stable",-0.0033,0.004
"114","Andrena simplex",1.7145,0.593,0.140992839899528,0.345873432487606,"stable","Bartomeus","stable",-0.0033,0.004
"115","Andrena simplex",1.651,0.341,-0.342638178630079,0.206541490006057,"stable","Bartomeus","stable",-0.0033,0.004
"116","Andrena simplex",3.65,0.9,-0.836900285332177,0.246575342465753,"stable","Bartomeus","stable",-0.0033,0.004
"117","Andrena simplex",3.21,0.4,-1.41065857867369,0.124610591900312,"stable","Bartomeus","stable",-0.0033,0.004
"118","Andrena subopaca",1.77,0.358,-0.422488886979946,0.20225988700565,"1.99","Scheper","increasing",NA,NA
"119","Andrena subopaca",1.86,0.267,-0.807345276976141,0.143548387096774,"1.99","Scheper","increasing",NA,NA
"120","Andrena subopaca",1.91,0.405,-0.439683872427035,0.212041884816754,"1.99","Scheper","increasing",NA,NA
"121","Andrena tibialis",3.57,1.357,-0.385345929388966,0.380112044817927,"0.53","Scheper","declining",NA,NA
"122","Andrena tibialis",2.97,1.938,0.310764690935346,0.652525252525253,"0.53","Scheper","declining",NA,NA
"123","Andrena vicina",2.9845,1.578,0.0962742889186125,0.528731780867817,"stable","Bartomeus","stable",-0.0026,0.0019
"124","Andrena vicina",2.4765,1.609,0.460227209992192,0.649707248132445,"stable","Bartomeus","stable",-0.0026,0.0019
"125","Andrena vicina",2.8575,1.467,0.103623205880357,0.513385826771654,"stable","Bartomeus","stable",-0.0026,0.0019
"126","Andrena vicina",2.9845,1.587,0.101961508039202,0.531747361367063,"stable","Bartomeus","stable",-0.0026,0.0019
"127","Anthidium manicatum",3.15,2.66,0.518795626338545,0.844444444444445,"0.99","Scheper","declining",NA,NA
"128","Anthidium manicatum",2.71,1.11,-0.0773838671191689,0.409594095940959,"0.99","Scheper","declining",NA,NA
"129","Anthidium manicatum",3.048,2.559,0.540861192330312,0.839566929133858,"0.99","Scheper","declining",NA,NA
"130","Anthidium manicatum",5.38,2.8,-0.41822274624345,0.520446096654275,"0.99","Scheper","declining",NA,NA
"131","Anthidium manicatum",2.903,2.3,0.524145387558101,0.792283844299001,"0.99","Scheper","declining",NA,NA
"132","Anthidium manicatum",5.23,3.3,-0.201710991404006,0.630975143403442,"0.99","Scheper","declining",NA,NA
"133","Anthidium manicatum",3.066,2.02,0.293470722862415,0.65883887801696,"0.99","Scheper","declining",NA,NA
"134","Anthidium manicatum",3.556,2.339,0.166355901001735,0.657761529808774,"0.99","Scheper","declining",NA,NA
"135","Anthidium manicatum",5.31,2.7,-0.430409925927055,0.508474576271187,"0.99","Scheper","declining",NA,NA
"136","Anthidium manicatum",2.365,1.67,0.582494922510199,0.706131078224101,"0.99","Scheper","declining",NA,NA
"137","Anthophora plumipes",4.08,3.676,0.364660573639071,0.900980392156863,"1.29","Scheper","increasing",NA,NA
"138","Anthophora quadrimaculata",3.77,2.593,0.161551129273061,0.687798408488064,"1.02","Scheper","increasing",NA,NA
"139","Anthophora quadrimaculata",3.95,1.852,-0.261111895489331,0.468860759493671,"1.02","Scheper","increasing",NA,NA
"140","Anthophora retusa",3.923,2.096,-0.124683486568384,0.534284985980117,"0.22","Scheper","declining",NA,NA
"141","Augochlora pura",1.8415,0.614,0.043856912291735,0.333423839261472,"increasing","Bartomeus","increasing",0.0057,0.0024
"142","Augochlora pura",3.15,0.5,-1.15267767701501,0.158730158730159,"increasing","Bartomeus","increasing",0.0057,0.0024
"143","Augochlora pura",1.5875,0.61,0.311352476279134,0.384251968503937,"increasing","Bartomeus","increasing",0.0057,0.0024
"144","Augochlora pura",1.651,0.71,0.390744314121766,0.430042398546336,"increasing","Bartomeus","increasing",0.0057,0.0024
"145","Augochlora pura",1.4605,0.496,0.258418977555111,0.339609722697706,"increasing","Bartomeus","increasing",0.0057,0.0024
"146","Augochlorella aurata",1.397,0.455,0.254212861030383,0.325697924123121,"increasing","Bartomeus","increasing",0.0042,0.0021
"147","Augochlorella aurata",1.524,0.705,0.531461982435027,0.46259842519685,"increasing","Bartomeus","increasing",0.0042,0.0021
"148","Augochlorella aurata",1.524,0.3,-0.322953345721041,0.196850393700787,"increasing","Bartomeus","increasing",0.0042,0.0021
"149","Augochlorella aurata",1.4605,0.353,-0.0816888922365198,0.241698048613489,"increasing","Bartomeus","increasing",0.0042,0.0021
"150","Augochlorella aurata",1.397,0.301,-0.158974293171692,0.21546170365068,"increasing","Bartomeus","increasing",0.0042,0.0021
"151","Augochloropsis metallica",2.032,0.785,0.107793355039527,0.386318897637795,"increasing","Bartomeus","increasing",0.0064,0.0025
"152","Augochloropsis metallica",2.0955,0.662,-0.119439283070155,0.315915056072536,"increasing","Bartomeus","increasing",0.0064,0.0025
"153","Augochloropsis metallica",1.778,0.656,0.17481274681388,0.368953880764904,"increasing","Bartomeus","increasing",0.0064,0.0025
"154","Bombus bimaculatus",4.826,3.641,0.0450570722341021,0.75445503522586,"increasing","Bartomeus","increasing",0.009,0.0016
"155","Bombus bimaculatus",5.1435,3.633,-0.0747826314158256,0.706328375619714,"increasing","Bartomeus","increasing",0.009,0.0016
"156","Bombus griseocollis",5.08,3.576,-0.0676605207004994,0.703937007874016,"increasing","Bartomeus","increasing",0.0245,0.0031
"157","Bombus griseocollis",3.81,2.497,0.104339175651509,0.655380577427822,"increasing","Bartomeus","increasing",0.0245,0.0031
"158","Bombus griseocollis",4.0005,3.086,0.226042428619706,0.771403574553181,"increasing","Bartomeus","increasing",0.0245,0.0031
"159","Bombus hortorum",4.56,4.787,0.42338063202957,1.04978070175439,"0.74","Scheper","declining",NA,NA
"160","Bombus impatiens",4,2.7,0.0926492238647164,0.675,"increasing","Bartomeus","increasing",0.0067,0.0013
"161","Bombus impatiens",3.683,2.634,0.220346042995584,0.715177844148792,"increasing","Bartomeus","increasing",0.0067,0.0013
"162","Bombus impatiens",4.85,3,-0.157748141375428,0.618556701030928,"increasing","Bartomeus","increasing",0.0067,0.0013
"163","Bombus impatiens",3.92,2.4,0.0121669475790184,0.612244897959184,"increasing","Bartomeus","increasing",0.0067,0.0013
"164","Bombus impatiens",4.62,2.7,-0.173406813641552,0.584415584415584,"increasing","Bartomeus","increasing",0.0067,0.0013
"165","Bombus impatiens",2.794,2.322,0.604324780885035,0.831066571224052,"increasing","Bartomeus","increasing",0.0067,0.0013
"166","Bombus impatiens",5.61,2,-0.831986468924346,0.35650623885918,"increasing","Bartomeus","increasing",0.0067,0.0013
"167","Bombus impatiens",4.69,3.2,-0.0312725826320694,0.682302771855011,"increasing","Bartomeus","increasing",0.0067,0.0013
"168","Bombus impatiens",3.1115,2.387,0.433212081369058,0.767154105736783,"increasing","Bartomeus","increasing",0.0067,0.0013
"169","Bombus jonellus",4.13,2.512,-0.0385743909977588,0.608232445520581,"0.28","Scheper","declining",NA,NA
"170","Bombus jonellus",4.22,2.325,-0.155736155427958,0.550947867298578,"0.28","Scheper","declining",NA,NA
"171","Bombus jonellus",4.35,2.348,-0.20191111058005,0.539770114942529,"0.28","Scheper","declining",NA,NA
"172","Bombus jonellus",3.37,2.017,0.117434837606759,0.598516320474777,"0.28","Scheper","declining",NA,NA
"173","Bombus lapidarius",5.11,4.258,0.0960227647561623,0.833268101761252,"0.6","Scheper","declining",NA,NA
"174","Bombus lapidarius",4.97,5.075,0.322839821113713,1.02112676056338,"0.6","Scheper","declining",NA,NA
"175","Bombus lapidarius",5.15,4.474,0.13110969374539,0.86873786407767,"0.6","Scheper","declining",NA,NA
"176","Bombus lapidarius",5.15,4.655,0.170768741406482,0.903883495145631,"0.6","Scheper","declining",NA,NA
"177","Bombus pascuorum",4.35,3.932,0.31367318973902,0.903908045977012,"0.61","Scheper","declining",NA,NA
"178","Bombus pascuorum",4.39,4.937,0.524382730645401,1.1246013667426,"0.61","Scheper","declining",NA,NA
"179","Bombus pascuorum",4.105,3.11,0.186179350481331,0.757612667478684,"0.61","Scheper","declining",NA,NA
"180","Bombus pascuorum",3.834,2.89,0.238911752141002,0.75378195096505,"0.61","Scheper","declining",NA,NA
"181","Bombus pascuorum",3.197,1.944,0.177872369063929,0.608070065686581,"0.61","Scheper","declining",NA,NA
"182","Bombus pascuorum",3.943,3.15,0.273299291750654,0.798884098402232,"0.61","Scheper","declining",NA,NA
"183","Bombus pascuorum",4.329,2.52,-0.122281234589041,0.582120582120582,"0.61","Scheper","declining",NA,NA
"184","Bombus pascuorum",4.012,2.15,-0.140665389497807,0.535892323030907,"0.61","Scheper","declining",NA,NA
"185","Bombus pascuorum",3.748,2.44,0.111539530963544,0.651013874066169,"0.61","Scheper","declining",NA,NA
"186","Bombus pascuorum",3.378,2.056,0.13220815348012,0.608644168146832,"0.61","Scheper","declining",NA,NA
"187","Bombus pascuorum",4.33,3.871,0.306546283283241,0.893995381062356,"0.61","Scheper","declining",NA,NA
"188","Bombus pascuorum",2.981,1.932,0.300838305515781,0.64810466286481,"0.61","Scheper","declining",NA,NA
"189","Bombus pascuorum",3.492,1.76,-0.084521418116857,0.504009163802978,"0.61","Scheper","declining",NA,NA
"190","Bombus pascuorum",3.658,2.493,0.177904723911924,0.681519956260252,"0.61","Scheper","declining",NA,NA
"191","Bombus pratorum",3.475,1.945,0.0244371083776848,0.559712230215827,"0.92","Scheper","declining",NA,NA
"192","Bombus pratorum",3.714,1.68,-0.244839339067064,0.452342487883683,"0.92","Scheper","declining",NA,NA
"193","Bombus pratorum",3.576,2.16,0.0763854492795262,0.604026845637584,"0.92","Scheper","declining",NA,NA
"194","Bombus pratorum",3.646,1.79,-0.14729967068108,0.490948985189249,"0.92","Scheper","declining",NA,NA
"195","Bombus pratorum",2.539,1.07,0.00625513656642141,0.421425758172509,"0.92","Scheper","declining",NA,NA
"196","Bombus pratorum",2.861,1.3,-0.0194921101547074,0.454386578119539,"0.92","Scheper","declining",NA,NA
"197","Bombus pratorum",4.11,3.626,0.33743923203461,0.882238442822384,"0.92","Scheper","declining",NA,NA
"198","Bombus pratorum",3.853,2.36,0.0271897082703239,0.612509732675837,"0.92","Scheper","declining",NA,NA
"199","Bombus pratorum",3.714,1.89,-0.127056303410681,0.508885298869144,"0.92","Scheper","declining",NA,NA
"200","Bombus pratorum",3.562,1.911,-0.0388535797774782,0.536496350364964,"0.92","Scheper","declining",NA,NA
"201","Bombus pratorum",3.604,2.5,0.208167581679281,0.693673695893452,"0.92","Scheper","declining",NA,NA
"202","Bombus pratorum",4.44,3.278,0.0939484476677865,0.738288288288288,"0.92","Scheper","declining",NA,NA
"203","Bombus pratorum",3.829,1.84,-0.210169775970084,0.48054322277357,"0.92","Scheper","declining",NA,NA
"204","Bombus pratorum",4.35,3.121,0.0826784507427419,0.717471264367816,"0.92","Scheper","declining",NA,NA
"205","Bombus pratorum",3.165,1.833,0.137652316755929,0.57914691943128,"0.92","Scheper","declining",NA,NA
"206","Bombus pratorum",3.635,2.06,-0.0012305168640416,0.566712517193948,"0.92","Scheper","declining",NA,NA
"207","Bombus pratorum",3.28,2.348,0.319366240832759,0.715853658536585,"0.92","Scheper","declining",NA,NA
"208","Bombus ternarius",3.429,2.12,0.135194985115626,0.618256051326918,"declining","Bartomeus","declining",-0.0142,0.0024
"209","Bombus ternarius",2.413,1.57,0.483649145853257,0.650642353916287,"declining","Bartomeus","declining",-0.0142,0.0024
"210","Bombus ternarius",3.4925,2.271,0.170120689933967,0.65025053686471,"declining","Bartomeus","declining",-0.0142,0.0024
"211","Bombus terrestris",4.641,2.71,-0.178083321174249,0.583925878043525,"0.73","Scheper","declining",NA,NA
"212","Bombus terrestris",4.281,3.08,0.0989758739107972,0.719458070544265,"0.73","Scheper","declining",NA,NA
"213","Bombus terrestris",4.126,2.94,0.120545016296991,0.71255453223461,"0.73","Scheper","declining",NA,NA
"214","Bombus terrestris",3.675,2.401,0.131742599031085,0.653333333333333,"0.73","Scheper","declining",NA,NA
"215","Bombus terrestris",4.468,2.75,-0.093291050569273,0.615487914055506,"0.73","Scheper","declining",NA,NA
"216","Bombus terrestris",4.281,3.774,0.302181723871673,0.881569726699369,"0.73","Scheper","declining",NA,NA
"217","Bombus terrestris",4.725,3.606,0.0744483472394671,0.763174603174603,"0.73","Scheper","declining",NA,NA
"218","Bombus terrestris",4.374,3.214,0.101882633316656,0.734796524919982,"0.73","Scheper","declining",NA,NA
"219","Bombus terrestris",4.385,2.99,0.0250023328351635,0.681870011402509,"0.73","Scheper","declining",NA,NA
"220","Bombus terrestris",3.732,2.58,0.175229618323289,0.691318327974277,"0.73","Scheper","declining",NA,NA
"221","Bombus terrestris",3.766,3.425,0.441797099701041,0.909453000531067,"0.73","Scheper","declining",NA,NA
"222","Bombus terrestris",4.332,1.993,-0.358178156097572,0.460064635272392,"0.73","Scheper","declining",NA,NA
"223","Bombus terrestris",4.493,4.8,0.453421926978031,1.06832851101714,"0.73","Scheper","declining",NA,NA
"224","Bombus terrestris",3.519,2.484,0.24581413650212,0.705882352941176,"0.73","Scheper","declining",NA,NA
"225","Bombus terrestris",3.803,2.609,0.151611488301973,0.68603733894294,"0.73","Scheper","declining",NA,NA
"226","Bombus terrestris",4.282,3.543,0.238588869642786,0.827417094815507,"0.73","Scheper","declining",NA,NA
"227","Bombus terrestris",4.205,3.245,0.184233612930775,0.771700356718193,"0.73","Scheper","declining",NA,NA
"228","Bombus terrestris",3.853,2.59,0.120185964944252,0.672203477809499,"0.73","Scheper","declining",NA,NA
"229","Bombus terrestris",5.42,4.678,0.0813519622663411,0.86309963099631,"0.73","Scheper","declining",NA,NA
"230","Bombus terrestris",4.012,1.718,-0.364972408075314,0.428215353938185,"0.73","Scheper","declining",NA,NA
"231","Bombus terrestris",4.336,3.52,0.208937754513148,0.811808118081181,"0.73","Scheper","declining",NA,NA
"232","Bombus terrestris",4.45,3.542,0.167252793388516,0.795955056179775,"0.73","Scheper","declining",NA,NA
"233","Bombus terrestris",3.912,3.569,0.412755514658325,0.912321063394683,"0.73","Scheper","declining",NA,NA
"234","Bombus terrestris",4.92,3.806,0.0537608266542714,0.773577235772358,"0.73","Scheper","declining",NA,NA
"235","Bombus terrestris",5.5,5.838,0.275816704656435,1.06145454545455,"0.73","Scheper","declining",NA,NA
"236","Bombus terrestris",3.927,4.234,0.576551314639842,1.07817672523555,"0.73","Scheper","declining",NA,NA
"237","Bombus terrestris",4.68,2.17,-0.415755295339527,0.463675213675214,"0.73","Scheper","declining",NA,NA
"238","Bombus terrestris",4.235,2.571,-0.0617123959114094,0.607083825265643,"0.73","Scheper","declining",NA,NA
"239","Bombus terrestris",4.232,3.988,0.378590895592049,0.94234404536862,"0.73","Scheper","declining",NA,NA
"240","Bombus terrestris",3.95,2.26,-0.0620132184291243,0.572151898734177,"0.73","Scheper","declining",NA,NA
"241","Bombus terrestris",4.299,2.95,0.0481046186059921,0.686206094440568,"0.73","Scheper","declining",NA,NA
"242","Bombus terrestris",4.032,2.6,0.0401970667177154,0.64484126984127,"0.73","Scheper","declining",NA,NA
"243","Bombus terrestris",4.428,2.231,-0.285838294691458,0.503839205058717,"0.73","Scheper","declining",NA,NA
"244","Bombus terrestris",5.57,5.564,0.204395307363603,0.998922800718133,"0.73","Scheper","declining",NA,NA
"245","Bombus terrestris",4.223,2.889,0.0601421401740262,0.684110821690741,"0.73","Scheper","declining",NA,NA
"246","Bombus terrestris",4.563,2.789,-0.118054457705065,0.611220688143765,"0.73","Scheper","declining",NA,NA
"247","Bombus terrestris",4.45,3.16,0.0531332816266946,0.710112359550562,"0.73","Scheper","declining",NA,NA
"248","Bombus terrestris",4.22,2.618,-0.0370455269795699,0.620379146919431,"0.73","Scheper","declining",NA,NA
"249","Bombus terrestris",4.5,3.09,0.0101028030431307,0.686666666666667,"0.73","Scheper","declining",NA,NA
"250","Bombus terrestris",3.504,3.323,0.544698880209088,0.948344748858447,"0.73","Scheper","declining",NA,NA
"251","Bombus terrestris",4.178,3.454,0.258544584200689,0.826711345141216,"0.73","Scheper","declining",NA,NA
"252","Bombus terrestris",4.336,3.47,0.19463135886191,0.800276752767528,"0.73","Scheper","declining",NA,NA
"253","Bombus terrestris",3.892,2.814,0.184540528757486,0.723021582733813,"0.73","Scheper","declining",NA,NA
"254","Bombus terrestris",3.843,1.741,-0.27221410593138,0.453031485818371,"0.73","Scheper","declining",NA,NA
"255","Bombus terrestris",4.896,6.37,0.577810028441895,1.30106209150327,"0.73","Scheper","declining",NA,NA
"256","Bombus terrestris",4.36,3.682,0.24374151664273,0.844495412844037,"0.73","Scheper","declining",NA,NA
"257","Bombus terrestris",4.118,3.434,0.279444555734735,0.833899951432734,"0.73","Scheper","declining",NA,NA
"258","Bombus terrestris",4.097,2.43,-0.0569504107216559,0.593116914815719,"0.73","Scheper","declining",NA,NA
"259","Bombus terrestris",4.379,2.714,-0.0693194350812144,0.619776204612925,"0.73","Scheper","declining",NA,NA
"260","Bombus terrestris",4.289,2.72,-0.028768891219608,0.634180461646071,"0.73","Scheper","declining",NA,NA
"261","Bombus terrestris",4.257,2.99,0.0796995921097283,0.702372562837679,"0.73","Scheper","declining",NA,NA
"262","Bombus terrestris",4.147,2.923,0.10537256101451,0.70484687726067,"0.73","Scheper","declining",NA,NA
"263","Bombus terrestris",4.713,3.59,0.0746964682800114,0.761722894122639,"0.73","Scheper","declining",NA,NA
"264","Bombus terrestris",4.149,2.349,-0.114138443558854,0.566160520607375,"0.73","Scheper","declining",NA,NA
"265","Bombus terrestris",3.84,3.558,0.443966700609058,0.9265625,"0.73","Scheper","declining",NA,NA
"266","Bombus terrestris",4.294,3.49,0.218349822894784,0.812761993479274,"0.73","Scheper","declining",NA,NA
"267","Bombus vagans",2.794,1.179,-0.0734374808354313,0.421975662133142,"declining","Bartomeus","declining",-0.0081,0.0013
"268","Calliopsis andreniformis",1.5875,0.28,-0.467316877718973,0.176377952755906,"increasing","Bartomeus","increasing",0.0073,0.0029
"269","Calliopsis andreniformis",1.4605,0.45,0.161090633594549,0.30811365970558,"increasing","Bartomeus","increasing",0.0073,0.0029
"270","Ceratina calcarata",1.27,0.274,-0.0769829037013646,0.215748031496063,"increasing","Bartomeus","increasing",0.0194,0.003
"271","Ceratina calcarata",2.08,0.46,-0.469770690217701,0.221153846153846,"increasing","Bartomeus","increasing",0.0194,0.003
"272","Ceratina calcarata",2.39,0.4,-0.866034176107452,0.167364016736402,"increasing","Bartomeus","increasing",0.0194,0.003
"273","Ceratina calcarata",1.83,0.43,-0.300786523884591,0.234972677595628,"increasing","Bartomeus","increasing",0.0194,0.003
"274","Ceratina calcarata",1.397,0.221,-0.467921856402815,0.158196134574087,"increasing","Bartomeus","increasing",0.0194,0.003
"275","Ceratina calcarata",1.27,0.207,-0.357392216824066,0.162992125984252,"increasing","Bartomeus","increasing",0.0194,0.003
"276","Ceratina strenua",0.889,0.153,-0.00113529728553967,0.172103487064117,"increasing","Bartomeus","increasing",0.013,0.0046
"277","Colletes thoracicus",3.048,1.45,-0.0271918084148563,0.475721784776903,"increasing","Bartomeus","increasing",0.0217,0.0039
"278","Colletes thoracicus",3.429,1.533,-0.188994503678618,0.447069116360455,"increasing","Bartomeus","increasing",0.0217,0.0039
"279","Colletes thoracicus",3.3655,1.581,-0.123651796759297,0.469766750854256,"increasing","Bartomeus","increasing",0.0217,0.0039
"280","Dasypoda iberica",2.529,1.3,0.208246968769264,0.514037168841439,"DD","IUCN","unknown",NA,NA
"281","Dasypoda iberica",2.453,0.93,-0.0703525527851444,0.379127598858541,"DD","IUCN","unknown",NA,NA
"282","Flavipanurgus venustus",1.833,0.92,0.456777653762346,0.501909438079651,"LC","IUCN","stable",NA,NA
"283","Flavipanurgus venustus",1.696,0.414,-0.198304889679679,0.244103773584906,"LC","IUCN","stable",NA,NA
"284","Flavipanurgus venustus",1.779,0.46,-0.181159688626766,0.258572231590781,"LC","IUCN","stable",NA,NA
"285","Flavipanurgus venustus",1.874,0.62,0.021280514167668,0.330843116328709,"LC","IUCN","stable",NA,NA
"286","Flavipanurgus venustus",1.766,0.353,-0.432376609255477,0.199886749716874,"LC","IUCN","stable",NA,NA
"287","Halictus confusus",1.3335,0.335,0.0339370320604966,0.251218597675291,"1.26","Scheper","increasing",0.0041,0.0015
"288","Halictus confusus",1.524,0.338,-0.203689924894223,0.221784776902887,"1.26","Scheper","increasing",0.0041,0.0015
"289","Halictus confusus",1.77,0.332,-0.497886904464157,0.187570621468927,"1.26","Scheper","increasing",0.0041,0.0015
"290","Halictus confusus",2.39,0.56,-0.529561939486239,0.234309623430962,"1.26","Scheper","increasing",0.0041,0.0015
"291","Halictus confusus",1.91,0.527,-0.176370390992211,0.275916230366492,"1.26","Scheper","increasing",0.0041,0.0015
"292","Halictus ligatus",2.52,0.73,-0.362245770495975,0.28968253968254,"increasing","Bartomeus","increasing",0.0073,0.0017
"293","Halictus ligatus",2.23,0.72,-0.150312379091212,0.322869955156951,"increasing","Bartomeus","increasing",0.0073,0.0017
"294","Halictus ligatus",3.21,0.72,-0.822871913771575,0.224299065420561,"increasing","Bartomeus","increasing",0.0073,0.0017
"295","Halictus ligatus",1.524,0.395,-0.0478500554761198,0.259186351706037,"increasing","Bartomeus","increasing",0.0073,0.0017
"296","Halictus ligatus",1.88,0.63,0.0313789065633597,0.335106382978723,"increasing","Bartomeus","increasing",0.0073,0.0017
"297","Halictus ligatus",2.032,0.653,-0.0763132334664502,0.321358267716535,"increasing","Bartomeus","increasing",0.0073,0.0017
"298","Halictus ligatus",2.28,0.67,-0.263226021525692,0.293859649122807,"increasing","Bartomeus","increasing",0.0073,0.0017
"299","Halictus ligatus",3.34,0.7,-0.924341644645568,0.209580838323353,"increasing","Bartomeus","increasing",0.0073,0.0017
"300","Halictus rubicundus",1.92,0.923,0.374416890338364,0.480729166666667,"1.43","Scheper","increasing",-0.0076,0.0019
"301","Halictus rubicundus",2.0955,0.929,0.219403899806676,0.443330947267955,"1.43","Scheper","increasing",-0.0076,0.0019
"302","Halictus rubicundus",2.44,0.443,-0.802156504892703,0.18155737704918,"1.43","Scheper","increasing",-0.0076,0.0019
"303","Halictus rubicundus",2.8,1.06,-0.183795849610131,0.378571428571429,"1.43","Scheper","increasing",-0.0076,0.0019
"304","Hylaeus mesillae",1.76,0.34,-0.463615464097607,0.193181818181818,"stable","Bartomeus","stable",-0.0029,0.002
"305","Hylaeus modestus",2.08,0.31,-0.86442488222165,0.149038461538462,"increasing","Bartomeus","increasing",0.0149,0.0025
"306","Lasioglossum calceatum",2.25,0.773,-0.0957696948090038,0.343555555555556,"1.39","Scheper","increasing",NA,NA
"307","Lasioglossum calceatum",1.65,0.675,0.341310680731567,0.409090909090909,"1.39","Scheper","increasing",NA,NA
"308","Lasioglossum calceatum",2.3,0.663,-0.289853953569989,0.288260869565217,"1.39","Scheper","increasing",NA,NA
"309","Lasioglossum calceatum",1.56,0.506,0.156694031952263,0.324358974358974,"1.39","Scheper","increasing",NA,NA
"310","Lasioglossum calceatum",1.76,0.655,0.192074153927437,0.372159090909091,"1.39","Scheper","increasing",NA,NA
"311","Lasioglossum calceatum",1.83,0.666,0.13671793796819,0.363934426229508,"1.39","Scheper","increasing",NA,NA
"312","Lasioglossum coriaceum",1.8415,0.569,-0.0322575817290767,0.308987238664132,"stable","Bartomeus","stable",2e-04,0.0022
"313","Lasioglossum coriaceum",1.8415,0.84,0.357263875981952,0.456149877816997,"stable","Bartomeus","stable",2e-04,0.0022
"314","Lasioglossum coriaceum",2.032,0.817,0.147748732117122,0.402066929133858,"stable","Bartomeus","stable",2e-04,0.0022
"315","Lasioglossum fulvicorne",1.26,0.3,0.0282669934700236,0.238095238095238,"1.03","Scheper","increasing",NA,NA
"316","Lasioglossum leucozonium",2.08,0.336,-0.783886019737638,0.161538461538462,"2.32","Scheper","increasing",NA,NA
"317","Lasioglossum leucozonium",2.35,0.672,-0.316078043097858,0.285957446808511,"2.32","Scheper","increasing",NA,NA
"318","Lasioglossum leucozonium",2.22,0.432,-0.652839899939644,0.194594594594595,"2.32","Scheper","increasing",NA,NA
"319","Lasioglossum punctatissimum",1.55,0.335,-0.243838593263517,0.216129032258065,"1.56","Scheper","increasing",NA,NA
"320","Lasioglossum punctatissimum",1.51,0.249,-0.492243549793114,0.164900662251656,"1.56","Scheper","increasing",NA,NA
"321","Lasioglossum punctatissimum",1.51,0.371,-0.0934943836503865,0.245695364238411,"1.56","Scheper","increasing",NA,NA
"322","Lasioglossum punctatissimum",1.68,0.236,-0.742838218526206,0.14047619047619,"1.56","Scheper","increasing",NA,NA
"323","Lasioglossum sexnotatum",2.71,1.038,-0.144448097699715,0.383025830258303,"0.8","Scheper","declining",NA,NA
"324","Lasioglossum sexnotatum",2.4,0.785,-0.199524097180868,0.327083333333333,"0.8","Scheper","declining",NA,NA
"325","Lasioglossum sexnotatum",2.57,0.63,-0.545845223596143,0.245136186770428,"0.8","Scheper","declining",NA,NA
"326","Lasioglossum sexstrigatum",1.26,0.231,-0.233097770664384,0.183333333333333,"2.32","Scheper","increasing",NA,NA
"327","Lasioglossum zonulum",2.17,0.64,-0.21773798077564,0.294930875576037,"1.38","Scheper","increasing",NA,NA
"328","Lasioglossum zonulum",2.35,0.647,-0.353990089120106,0.27531914893617,"1.38","Scheper","increasing",NA,NA
"329","Lasioglossum zonulum",2.22,0.733,-0.124119786297102,0.33018018018018,"1.38","Scheper","increasing",NA,NA
"330","Lasioglossum zonulum",2.4,0.608,-0.455032932997109,0.253333333333333,"1.38","Scheper","increasing",NA,NA
"331","Megachile campanulae",2.286,0.822,-0.0636157064076571,0.359580052493438,"increasing","Bartomeus","increasing",0.0105,0.004
"332","Megachile centuncularis",2.4765,1.095,0.0753687052504103,0.442156268927922,"0.72","Scheper","declining",-0.0074,0.0042
"333","Megachile centuncularis",3.91,1.591,-0.394223010291295,0.40690537084399,"0.72","Scheper","declining",-0.0074,0.0042
"334","Megachile centuncularis",3.073,1.16,-0.265417332101592,0.37748128864302,"0.72","Scheper","declining",-0.0074,0.0042
"335","Megachile centuncularis",3.86,1.68,-0.316029414405614,0.435233160621762,"0.72","Scheper","declining",-0.0074,0.0042
"336","Megachile gemula",2.7305,1.305,0.0705450558211253,0.477934444240981,"stable","Bartomeus","stable",0.0026,0.0031
"337","Megachile gemula",3.175,1.51,-0.0620163745314876,0.475590551181102,"stable","Bartomeus","stable",0.0026,0.0031
"338","Megachile mendica",2.8575,1.803,0.309855650940692,0.630971128608924,"stable","Bartomeus","stable",-0.0014,0.0027
"339","Megachile pugnata",6.43,3,-0.678404039426415,0.46656298600311,"stable","Bartomeus","stable",-0.007,0.0042
"340","Megachile texana",3.1115,2.351,0.418015503570297,0.755584123413145,"stable","Bartomeus","stable",-0.0014,0.0056
"341","Megachile willughbiella",3.694,1.966,-0.0776627302112515,0.532214401732539,"1.57","Scheper","increasing",NA,NA
"342","Melissodes bimaculata",2.286,1.661,0.639819008149458,0.726596675415573,"stable","Bartomeus","stable",-0.0039,0.0037
"343","Melissodes bimaculata",2.8575,2.022,0.424490827317791,0.70761154855643,"stable","Bartomeus","stable",-0.0039,0.0037
"344","Nomada cressonii",3.34,1.76,-0.0023528916567747,0.526946107784431,"increasing","Bartomeus","increasing",0.0062,0.0026
"345","Nomada luteoloides",3.53,1.7,-0.139190179454752,0.481586402266289,"increasing","Bartomeus","increasing",0.0205,0.0044
"346","Nomada merceti",1.415,0.73,0.703322493883461,0.515901060070671,"LC","IUCN","stable",NA,NA
"347","Nomada merceti",1.541,1.04,0.899758707926947,0.674886437378326,"LC","IUCN","stable",NA,NA
"348","Nomada merceti",1.343,0.32,-0.0249792920716559,0.238272524199553,"LC","IUCN","stable",NA,NA
"349","Osmia atriventris",2.032,0.447,-0.455331768129312,0.21998031496063,"declining","Bartomeus","declining",-0.0079,0.0023
"350","Osmia bicornis",3.134,1.249,-0.227785209137999,0.398532227185705,"1.44","Scheper","increasing",NA,NA
"351","Osmia bicornis",3.1,1.092,-0.341977792235968,0.352258064516129,"1.44","Scheper","increasing",NA,NA
"352","Osmia bicornis",3.226,1.618,-0.0223570336069301,0.50154990700558,"1.44","Scheper","increasing",NA,NA
"353","Osmia bicornis",3.156,1.009,-0.454084219114821,0.319708491761724,"1.44","Scheper","increasing",NA,NA
"354","Osmia bicornis",3.243,1.134,-0.387500648701499,0.349676225716929,"1.44","Scheper","increasing",NA,NA
"355","Osmia bicornis",3.076,1.375,-0.0971851916642606,0.447009102730819,"1.44","Scheper","increasing",NA,NA
"356","Osmia bicornis",3.313,1.218,-0.355470497134912,0.36764261998189,"1.44","Scheper","increasing",NA,NA
"357","Osmia bicornis",2.848,1.78,0.303165559929444,0.625,"1.44","Scheper","increasing",NA,NA
"358","Osmia bicornis",3.29,1.154,-0.396583968593737,0.350759878419453,"1.44","Scheper","increasing",NA,NA
"359","Osmia bicornis",3.219,1.065,-0.436562415806201,0.330848089468779,"1.44","Scheper","increasing",NA,NA
"360","Osmia bicornis",3.173,1.095,-0.382208256385799,0.345099275133943,"1.44","Scheper","increasing",NA,NA
"361","Osmia bicornis",2.562,1.269,0.160175703101414,0.495316159250585,"1.44","Scheper","increasing",NA,NA
"362","Osmia bicornis",2.626,1.328,0.160065137001414,0.505712109672506,"1.44","Scheper","increasing",NA,NA
"363","Osmia bicornis",3.193,1.316,-0.209966986033748,0.412151581584717,"1.44","Scheper","increasing",NA,NA
"364","Osmia bicornis",2.465,1.071,0.0618007885853109,0.43448275862069,"1.44","Scheper","increasing",NA,NA
"365","Osmia bicornis",3.342,1.553,-0.128583409366616,0.464691801316577,"1.44","Scheper","increasing",NA,NA
"366","Osmia bicornis",3.18,0.981,-0.496214155825014,0.308490566037736,"1.44","Scheper","increasing",NA,NA
"367","Osmia bicornis",3.192,1.517,-0.0672507866029468,0.475250626566416,"1.44","Scheper","increasing",NA,NA
"368","Osmia bicornis",3.063,0.861,-0.557480098652142,0.281096963761019,"1.44","Scheper","increasing",NA,NA
"369","Osmia bicornis",2.767,1.642,0.275739756359838,0.593422479219371,"1.44","Scheper","increasing",NA,NA
"370","Osmia bicornis",3.381,1.172,-0.431481495334803,0.346643005028098,"1.44","Scheper","increasing",NA,NA
"371","Osmia bicornis",3.29,1.238,-0.32632096241724,0.37629179331307,"1.44","Scheper","increasing",NA,NA
"372","Osmia bicornis",3.108,1.307,-0.167012806600307,0.42052767052767,"1.44","Scheper","increasing",NA,NA
"373","Osmia bicornis",3.365,1.548,-0.144471257733866,0.460029717682021,"1.44","Scheper","increasing",NA,NA
"374","Osmia bicornis",2.452,1.121,0.117192117908044,0.457177814029364,"1.44","Scheper","increasing",NA,NA
"375","Osmia bicornis",3.267,1.061,-0.467653510732515,0.324762779308234,"1.44","Scheper","increasing",NA,NA
"376","Osmia bicornis",3.287,1.237,-0.325444696376214,0.376331000912686,"1.44","Scheper","increasing",NA,NA
"377","Osmia bicornis",2.683,1.403,0.175356285957531,0.522922102124488,"1.44","Scheper","increasing",NA,NA
"378","Osmia bicornis",2.926,1.049,-0.275496895098508,0.35850991114149,"1.44","Scheper","increasing",NA,NA
"379","Osmia bicornis",2.771,1.381,0.0999654834442684,0.498376037531577,"1.44","Scheper","increasing",NA,NA
"380","Osmia bicornis",3.314,1.013,-0.540321654014156,0.305672902836451,"1.44","Scheper","increasing",NA,NA
"381","Osmia bicornis",3.302,1.353,-0.244215851195042,0.409751665657177,"1.44","Scheper","increasing",NA,NA
"382","Osmia bicornis",3.9,1.56,-0.409171831342643,0.4,"1.44","Scheper","increasing",NA,NA
"383","Osmia bicornis",2.678,0.912,-0.251927809803491,0.340552651232263,"1.44","Scheper","increasing",NA,NA
"384","Osmia bucephala",2.8575,1.39,0.0497074538621122,0.486439195100612,"stable","Bartomeus","stable",0.0016,0.0034
"385","Osmia bucephala",3.2385,1.452,-0.137746190664519,0.448355720240852,"stable","Bartomeus","stable",0.0016,0.0034
"386","Osmia caerulescens",2.278,0.722,-0.186858301108494,0.31694468832309,"0.8","Scheper","declining",NA,NA
"387","Osmia caerulescens",1.784,0.434,-0.24452358620212,0.243273542600897,"0.8","Scheper","declining",NA,NA
"388","Osmia caerulescens",2.61,1.213,0.0807716305804402,0.464750957854406,"0.8","Scheper","declining",NA,NA
"389","Osmia caerulescens",2.719,1.53,0.237402306324951,0.562706877528503,"0.8","Scheper","declining",NA,NA
"390","Osmia caerulescens",2.234,0.579,-0.37156994020466,0.2591763652641,"0.8","Scheper","declining",NA,NA
"391","Osmia caerulescens",1.939,0.569,-0.127513021467011,0.293450232078391,"0.8","Scheper","declining",NA,NA
"392","Osmia caerulescens",1.898,0.599,-0.0366728021141767,0.315595363540569,"0.8","Scheper","declining",NA,NA
"393","Osmia caerulescens",2.413,0.8,-0.19057002482117,0.331537505180274,"0.8","Scheper","declining",NA,NA
"394","Osmia caerulescens",1.742,0.662,0.221684564984758,0.380022962112514,"0.8","Scheper","declining",NA,NA
"395","Osmia caerulescens",2.8,0.855,-0.398718567779484,0.305357142857143,"0.8","Scheper","declining",NA,NA
"396","Osmia caerulescens",2.024,0.5,-0.335998922366005,0.24703557312253,"0.8","Scheper","declining",NA,NA
"397","Osmia caerulescens",2.283,0.502,-0.554331392072069,0.219886114761279,"0.8","Scheper","declining",NA,NA
"398","Osmia caerulescens",2.467,0.866,-0.152159798192504,0.351033644102148,"0.8","Scheper","declining",NA,NA
"399","Osmia caerulescens",1.783,0.407,-0.307719709270011,0.228266965787998,"0.8","Scheper","declining",NA,NA
"400","Osmia caerulescens",1.803,0.615,0.0844943487177435,0.341098169717138,"0.8","Scheper","declining",NA,NA
"401","Osmia caerulescens",1.915,0.588,-0.0716709873026141,0.307049608355091,"0.8","Scheper","declining",NA,NA
"402","Osmia caerulescens",2.538,0.769,-0.323340492325338,0.302994483845548,"0.8","Scheper","declining",NA,NA
"403","Osmia caerulescens",1.829,0.925,0.466231201353026,0.505740841990159,"0.8","Scheper","declining",NA,NA
"404","Osmia caerulescens",2.049,0.969,0.302991890409896,0.472913616398243,"0.8","Scheper","declining",NA,NA
"405","Osmia caerulescens",2.269,0.81,-0.0645402216633909,0.356985456148083,"0.8","Scheper","declining",NA,NA
"406","Osmia lignaria",3.3655,0.933,-0.651059433121426,0.277224780864656,"declining","Bartomeus","declining",-0.0225,0.0038
"407","Osmia lignaria",3.556,1.414,-0.336945019125926,0.397637795275591,"declining","Bartomeus","declining",-0.0225,0.0038
"408","Osmia pumila",1.651,0.556,0.146247638336987,0.336765596608116,"stable","Bartomeus","stable",0.002,0.003
"409","Osmia pumila",1.9685,0.652,-0.0192273920281303,0.331216662433325,"stable","Bartomeus","stable",0.002,0.003
"410","Sphecodes ranunculi",1.651,0.364,-0.277366788276855,0.220472440944882,"stable","Bartomeus","stable",-0.0033,0.0039
"411","Xylocopa virginica",7.78,5.6,-0.406125632344943,0.719794344473008,"increasing","Bartomeus","increasing",0.0063,0.0029
"412","Xylocopa virginica",7.65,5.1,-0.468539843009473,0.666666666666667,"increasing","Bartomeus","increasing",0.0063,0.0029
"413","Xylocopa virginica",6.5405,6.613,0.0805614105037779,1.01108477945111,"increasing","Bartomeus","increasing",0.0063,0.0029
"414","Xylocopa virginica",5.207,5.787,0.368118061793623,1.11138851545996,"increasing","Bartomeus","increasing",0.0063,0.0029
"415","Xylocopa virginica",7.16,4.8,-0.406945764018149,0.670391061452514,"increasing","Bartomeus","increasing",0.0063,0.0029
"416","Xylocopa virginica",8.52,5.6,-0.573882707772302,0.657276995305164,"increasing","Bartomeus","increasing",0.0063,0.0029
"417","Xylocopa virginica",7.53,5.2,-0.41993024328071,0.690571049136786,"increasing","Bartomeus","increasing",0.0063,0.0029
"418","Xylocopa virginica",8.4,5.5,-0.565711770034512,0.654761904761905,"increasing","Bartomeus","increasing",0.0063,0.0029
"419","Xylocopa virginica",7.9,5.3,-0.489446034607477,0.670886075949367,"increasing","Bartomeus","increasing",0.0063,0.0029
