species,latinFamily,subfamily,tribe_genus,genes,sex,ID,body.mass.g,head.weight.g,IT.mm,brain.fresh.mg,brain.fix.mg,no.optic.lobes.weight.mg,country
Agapostemon_sericeus,Halictidae,Halictinae,Halictini,yes,M,id_100,0.021,NA,2.41,0.95,NA,NA,USA
Agapostemon_sericeus,Halictidae,Halictinae,Halictini,yes,F,US144,NA,NA,2.4765,NA,0.855,NA,US_MA
Amegilla_quadrifasciata,Apidae,Apinae,Anthophorini,yes,F,id_C10,0.1475,0.0177,3.764,NA,4.06,1.801,Spain
Amegilla_quadrifasciata,Apidae,Apinae,Anthophorini,yes,F,id_C13,0.1329,0.0169,3.97,NA,4.01,1.47,Spain
Amegilla_quadrifasciata,Apidae,Apinae,Anthophorini,yes,F,id_C14,0.1257,0.0171,4.095,NA,4.2,1.676,Spain
Amegilla_quadrifasciata,Apidae,Apinae,Anthophorini,yes,F,id_C12,0.148,0.0193,3.934,NA,4.55,1.47,Spain
Amegilla_quadrifasciata,Apidae,Apinae,Anthophorini,yes,F,id_C18,0.1011,0.0138,3.74,NA,3.48,1.202,Spain
Amegilla_quadrifasciata,Apidae,Apinae,Anthophorini,yes,F,id_C16,0.1012,0.0123,3.627,NA,3.31,1.354,Spain
Amegilla_quadrifasciata,Apidae,Apinae,Anthophorini,yes,F,id_C11,0.1251,0.0169,3.831,NA,3.94,1.301,Spain
Amegilla_quadrifasciata,Apidae,Apinae,Anthophorini,yes,F,id_C17,0.1174,0.0146,3.828,NA,3.86,1.145,Spain
Andrena_barbilabris,Andrenidae,Andreninae,Andrena,yes,F,id_H29,NA,NA,2.34,NA,0.296,0.436,Netherlands
Andrena_barbilabris,Andrenidae,Andreninae,Andrena,yes,F,id_H32,NA,NA,2.19,NA,0.84,0.459,Netherlands
Andrena_barbilabris,Andrenidae,Andreninae,Andrena,yes,F,id_H31,NA,NA,2.28,NA,0.924,0.546,Netherlands
Andrena_barbilabris,Andrenidae,Andreninae,Andrena,yes,F,id_H30,NA,NA,2.31,NA,1.038,0.482,Netherlands
Andrena_barbilabris,Andrenidae,Andreninae,Andrena,yes,F,id_H33,NA,NA,2.34,NA,1.13,0.548,Netherlands
Andrena_bicolor,Andrenidae,Andreninae,Andrena,yes,F,id_H9,NA,NA,1.83,NA,0.739,0.359,Netherlands
Andrena_bicolor,Andrenidae,Andreninae,Andrena,yes,F,id_H98,NA,NA,2.58,NA,0.666,0.361,Netherlands
Andrena_carantonica,Andrenidae,Andreninae,Andrena,yes,F,id_H25,NA,NA,2.79,NA,1.748,0.87,Netherlands
Andrena_carantonica,Andrenidae,Andreninae,Andrena,yes,F,id_H52,NA,NA,2.79,NA,1.728,1.005,Netherlands
Andrena_carantonica,Andrenidae,Andreninae,Andrena,yes,F,id_H28,NA,NA,2.7,NA,1.686,NA,Netherlands
Andrena_carantonica,Andrenidae,Andreninae,Andrena,yes,F,id_H50,NA,NA,2.82,NA,2.08,0.855,Netherlands
Andrena_carlini,Andrenidae,Andreninae,Andrena,yes,F,US073,NA,NA,2.4765,NA,1.26,NA,US_MA
Andrena_carlini,Andrenidae,Andreninae,Andrena,yes,F,US074,NA,NA,2.7305,NA,1.814,NA,US_MA
Andrena_carlini,Andrenidae,Andreninae,Andrena,yes,F,id_202,NA,NA,2.929,NA,1.6,NA,USA
Andrena_chrysosceles,Andrenidae,Andreninae,Andrena,yes,F,id_H54,NA,NA,1.8,NA,0.759,0.421,Netherlands
Andrena_chrysosceles,Andrenidae,Andreninae,Andrena,yes,F,id_H56,NA,NA,1.83,NA,0.864,0.556,Netherlands
Andrena_chrysosceles,Andrenidae,Andreninae,Andrena,yes,F,id_H57,NA,NA,1.92,NA,0.578,NA,Netherlands
Andrena_chrysosceles,Andrenidae,Andreninae,Andrena,yes,F,id_H55,NA,NA,1.86,NA,1.123,0.485,Netherlands
Andrena_cineraria,Andrenidae,Andreninae,Andrena,yes,F,id_H47,NA,NA,2.67,NA,1.745,0.875,Netherlands
Andrena_cineraria,Andrenidae,Andreninae,Andrena,yes,F,id_H46,NA,NA,2.34,NA,1.4,0.626,Netherlands
Andrena_cineraria,Andrenidae,Andreninae,Andrena,yes,F,id_H65,NA,NA,2.55,NA,1.803,0.87,Netherlands
Andrena_cineraria,Andrenidae,Andreninae,Andrena,yes,F,id_H64,NA,NA,2.64,NA,1.727,0.748,Netherlands
Andrena_cineraria,Andrenidae,Andreninae,Andrena,yes,F,id_H119,NA,NA,3.42,NA,1.492,0.74,Netherlands
Andrena_dorsata,Andrenidae,Andreninae,Andrena,yes,F,id_H99,NA,NA,2.3,NA,0.758,0.325,Netherlands
Andrena_dorsata,Andrenidae,Andreninae,Andrena,yes,F,id_H74,NA,NA,1.68,NA,0.619,NA,Netherlands
Andrena_dorsata,Andrenidae,Andreninae,Andrena,yes,F,id_H100,NA,NA,2.4,NA,0.588,0.315,Netherlands
Andrena_dorsata,Andrenidae,Andreninae,Andrena,yes,F,id_H84,NA,NA,2.44,NA,0.87,0.376,Netherlands
Andrena_dorsata,Andrenidae,Andreninae,Andrena,yes,F,id_H85,NA,NA,2.49,NA,0.753,NA,Netherlands
Andrena_dunningi,Andrenidae,Andreninae,Andrena,yes,F,US032,NA,NA,2.6035,NA,1.549,NA,US_MA
Andrena_dunningi,Andrenidae,Andreninae,Andrena,yes,F,US030,NA,NA,2.6035,NA,1.184,NA,US_MA
Andrena_dunningi,Andrenidae,Andreninae,Andrena,yes,F,id_201,NA,NA,3.696,NA,1.6,NA,USA
Andrena_dunningi,Andrenidae,Andreninae,Andrena,yes,F,US033,NA,NA,2.54,NA,1.304,NA,US_MA
Andrena_dunningi,Andrenidae,Andreninae,Andrena,yes,F,US031,NA,NA,2.4765,NA,1.101,NA,US_MA
Andrena_flavipes,Andrenidae,Andreninae,Andrena,yes,F,id_H96,NA,NA,2.91,NA,1.557,NA,Netherlands
Andrena_flavipes,Andrenidae,Andreninae,Andrena,yes,F,id_B9,NA,NA,2.946,NA,1.16,NA,Spain
Andrena_flavipes,Andrenidae,Andreninae,Andrena,yes,M,id_A17,0.0609,0.0096,2.689,NA,1.43,0.663,Spain
Andrena_fucata,Andrenidae,Andreninae,Andrena,yes,F,id_H153,NA,NA,2.75,NA,0.65,0.321,Netherlands
Andrena_fucata,Andrenidae,Andreninae,Andrena,yes,F,id_H155,NA,NA,2.57,NA,0.752,NA,Netherlands
Andrena_fulva,Andrenidae,Andreninae,Andrena,yes,F,id_H44,NA,NA,2.61,NA,1.655,0.824,Netherlands
Andrena_fulva,Andrenidae,Andreninae,Andrena,yes,F,id_H43,NA,NA,2.79,NA,1.484,0.732,Netherlands
Andrena_fulva,Andrenidae,Andreninae,Andrena,yes,F,id_H8,NA,NA,2.88,NA,1.635,0.845,Netherlands
Andrena_fulvida,Andrenidae,Andreninae,Andrena,yes,M,id_H156,NA,NA,2,NA,0.295,NA,Netherlands
Andrena_fulvida,Andrenidae,Andreninae,Andrena,yes,M,id_H157,NA,NA,2.08,NA,0.701,0.223,Netherlands
Andrena_gravida,Andrenidae,Andreninae,Andrena,yes,F,id_H67,NA,NA,2.46,NA,1.67,0.885,Netherlands
Andrena_gravida,Andrenidae,Andreninae,Andrena,yes,F,id_H68,NA,NA,2.37,NA,1.405,0.806,Netherlands
Andrena_gravida,Andrenidae,Andreninae,Andrena,yes,F,id_H97,NA,NA,3.34,NA,1.954,0.801,Netherlands
Andrena_gravida,Andrenidae,Andreninae,Andrena,yes,F,id_H66,NA,NA,2.37,NA,1.348,0.825,Netherlands
Andrena_haemorrhoa,Andrenidae,Andreninae,Andrena,yes,F,id_H36,NA,NA,2.46,NA,1.125,0.673,Netherlands
Andrena_haemorrhoa,Andrenidae,Andreninae,Andrena,yes,F,id_H41,NA,NA,2.43,NA,1.289,0.691,Netherlands
Andrena_haemorrhoa,Andrenidae,Andreninae,Andrena,yes,F,id_H35,NA,NA,2.49,NA,1.057,0.476,Netherlands
Andrena_haemorrhoa,Andrenidae,Andreninae,Andrena,yes,F,id_H40,NA,NA,2.43,NA,1.248,0.502,Netherlands
Andrena_haemorrhoa,Andrenidae,Andreninae,Andrena,yes,F,id_H38,NA,NA,2.37,NA,1.109,0.567,Netherlands
Andrena_hispania,Andrenidae,Andreninae,Andrena,yes,F,id_B17,NA,NA,3.016,NA,1.82,NA,Spain
Andrena_labiata,Andrenidae,Andreninae,Andrena,yes,F,id_H140,NA,NA,2.04,NA,0.34,0.135,Netherlands
Andrena_labiata,Andrenidae,Andreninae,Andrena,yes,F,id_H121,NA,NA,2.35,NA,0.629,0.331,Netherlands
Andrena_labiata,Andrenidae,Andreninae,Andrena,yes,F,id_H141,NA,NA,2.31,NA,0.771,0.207,Netherlands
Andrena_miserabilis,Andrenidae,Andreninae,Andrena,yes,M,US035,NA,NA,1.27,NA,0.309,NA,US_MA
Andrena_miserabilis,Andrenidae,Andreninae,Andrena,yes,F,id_203,NA,NA,1.957,NA,0.6,NA,USA
Andrena_morio,Andrenidae,Andreninae,Andrena,yes,F,id_F31,NA,NA,3.04,NA,1.55,NA,Spain
Andrena_nigriceps,Andrenidae,Andreninae,Andrena,no,F,id_H162,NA,NA,2.62,NA,0.814,0.539,Netherlands
Andrena_nigroaenea,Andrenidae,Andreninae,Andrena,yes,F,id_H117,NA,NA,3.68,NA,1.678,0.78,Netherlands
Andrena_nigroaenea,Andrenidae,Andreninae,Andrena,yes,F,id_H123,NA,NA,3.33,NA,1.46,0.885,Netherlands
Andrena_nigroaenea,Andrenidae,Andreninae,Andrena,yes,F,id_H90,NA,NA,3.71,NA,2,0.906,Netherlands
Andrena_nitida,Andrenidae,Andreninae,Andrena,yes,F,id_H69,NA,NA,2.67,NA,2.513,1.102,Netherlands
Andrena_nitida,Andrenidae,Andreninae,Andrena,yes,F,id_H118,NA,NA,3.42,NA,1.612,0.736,Netherlands
Andrena_nitida,Andrenidae,Andreninae,Andrena,yes,F,id_H71,NA,NA,2.46,NA,1.707,0.867,Netherlands
Andrena_nitida,Andrenidae,Andreninae,Andrena,yes,F,id_H70,NA,NA,2.73,NA,1.924,0.913,Netherlands
Andrena_nitida,Andrenidae,Andreninae,Andrena,yes,F,id_H45,NA,NA,2.76,NA,2.112,1.042,Netherlands
Andrena_nubecula,Andrenidae,Andreninae,Andrena,yes,F,id_24,0.02,NA,2.46,1.2,NA,NA,USA
Andrena_nubecula,Andrenidae,Andreninae,Andrena,yes,F,US151,NA,NA,1.27,NA,0.437,NA,US_MA
Andrena_nubecula,Andrenidae,Andreninae,Andrena,yes,F,US150,NA,NA,1.397,NA,0.394,NA,US_MA
Andrena_ovatula,Andrenidae,Andreninae,Andrena,no,F,id_H124,NA,NA,2.57,NA,0.734,0.353,Netherlands
Andrena_ovatula,Andrenidae,Andreninae,Andrena,no,F,id_H125,NA,NA,2.8,NA,0.734,0.353,Netherlands
Andrena_ovatula,Andrenidae,Andreninae,Andrena,no,F,id_H139,NA,NA,2.71,NA,0.771,0.602,Netherlands
Andrena_semilaevis,Andrenidae,Andreninae,Andrena,yes,F,id_H151,NA,NA,1.64,NA,0.254,0.413,Netherlands
Andrena_semilaevis,Andrenidae,Andreninae,Andrena,yes,M,id_H143,NA,NA,1.51,NA,0.3,0.121,Netherlands
Andrena_simplex,Andrenidae,Andreninae,Andrena,yes,F,id_206,NA,NA,2.435,NA,0.7,NA,USA
Andrena_simplex,Andrenidae,Andreninae,Andrena,yes,F,id_205,NA,NA,2.217,NA,0.6,NA,USA
Andrena_simplex,Andrenidae,Andreninae,Andrena,yes,M,US149,NA,NA,1.7145,NA,0.593,NA,US_MA
Andrena_simplex,Andrenidae,Andreninae,Andrena,yes,M,US148,NA,NA,1.651,NA,0.341,NA,US_MA
Andrena_simplex,Andrenidae,Andreninae,Andrena,yes,F,id_204,NA,NA,2.522,NA,0.9,NA,USA
Andrena_subopaca,Andrenidae,Andreninae,Andrena,yes,F,id_H136,NA,NA,1.77,NA,0.358,0.264,Netherlands
Andrena_subopaca,Andrenidae,Andreninae,Andrena,yes,F,id_H150,NA,NA,1.91,NA,0.405,0.222,Netherlands
Andrena_subopaca,Andrenidae,Andreninae,Andrena,yes,F,id_H122,NA,NA,1.86,NA,0.267,0.106,Netherlands
Andrena_tibialis,Andrenidae,Andreninae,Andrena,no,F,id_H112,NA,NA,3.57,NA,1.357,0.758,Netherlands
Andrena_tibialis,Andrenidae,Andreninae,Andrena,no,F,id_H42,NA,NA,2.97,NA,1.938,0.958,Netherlands
Andrena_varians,Andrenidae,Andreninae,Andrena,no,F,id_H27,NA,NA,2.52,NA,1.17,0.602,Netherlands
Anthidium_florentinum,Megachilidae,Megachilinae,Anthidiini,yes,F,id_F13,0.2281,0.0249,4.254,NA,4.46,1.298,Spain
Anthidium_florentinum,Megachilidae,Megachilinae,Anthidiini,yes,M,id_F26,0.2763,0.03,4.36,NA,4.91,NA,Spain
Anthidium_manicatum,Megachilidae,Megachilinae,Anthidiini,yes,M,id_29,0.105,NA,3.793,2.1,2.7,NA,USA
Anthidium_manicatum,Megachilidae,Megachilinae,Anthidiini,yes,F,id_F16,0.0716,0.123,2.903,NA,2.3,NA,Spain
Anthidium_manicatum,Megachilidae,Megachilinae,Anthidiini,yes,F,id_F21,0.0592,0.0096,3.066,NA,2.02,0.44,Spain
Anthidium_manicatum,Megachilidae,Megachilinae,Anthidiini,yes,F,US158,NA,NA,3.048,NA,2.559,NA,US_MA
Anthidium_manicatum,Megachilidae,Megachilinae,Anthidiini,yes,M,id_36,0.086,NA,3.407,2.1,NA,NA,USA
Anthidium_manicatum,Megachilidae,Megachilinae,Anthidiini,yes,F,id_F17,0.0303,NA,2.365,NA,1.67,NA,Spain
Anthidium_manicatum,Megachilidae,Megachilinae,Anthidiini,yes,M,US157,NA,NA,3.556,NA,2.339,NA,US_MA
Anthidium_manicatum,Megachilidae,Megachilinae,Anthidiini,yes,F,id_F28,0.0366,0.0093,2.71,NA,1.11,NA,Spain
Anthidium_manicatum,Megachilidae,Megachilinae,Anthidiini,yes,M,id_35,0.128,NA,3.736,2.5,3.3,NA,USA
Anthidium_manicatum,Megachilidae,Megachilinae,Anthidiini,yes,M,id_22,0.138,NA,3.843,2.5,2.8,NA,USA
Anthidium_manicatum,Megachilidae,Megachilinae,Anthidiini,yes,F,id_F12,0.0662,0.015,3.15,NA,2.66,NA,Spain
Anthidium_oblongatum,Megachilidae,Megachilinae,Anthidiini,yes,F,id_53,0.043,NA,2.679,1.5,1.8,NA,USA
Anthidium_oblongatum,Megachilidae,Megachilinae,Anthidiini,yes,M,id_47,0.054,NA,2.8,1.5,NA,NA,USA
Anthidium_oblongatum,Megachilidae,Megachilinae,Anthidiini,yes,F,id_37,0.046,NA,2.75,1.5,NA,NA,USA
Anthidium_oblongatum,Megachilidae,Megachilinae,Anthidiini,yes,M,US106,NA,NA,2.794,NA,1.969,NA,US_MA
Anthidium_oblongatum,Megachilidae,Megachilinae,Anthidiini,yes,M,id_65,0.0505,NA,3.94,1.3,NA,NA,USA
Anthidium_oblongatum,Megachilidae,Megachilinae,Anthidiini,yes,M,id_38,0.074,NA,4.46,2.1,NA,NA,USA
Anthidium_oblongatum,Megachilidae,Megachilinae,Anthidiini,yes,M,id_F2,0.0437,0.0102,2.624,NA,1.52,0.683,Spain
Anthidium_oblongatum,Megachilidae,Megachilinae,Anthidiini,yes,F,id_41,0.069,NA,4.23,1.5,NA,NA,USA
Anthidium_oblongatum,Megachilidae,Megachilinae,Anthidiini,yes,M,US105,NA,NA,2.9845,NA,1.147,NA,US_MA
Anthidium_oblongatum,Megachilidae,Megachilinae,Anthidiini,yes,M,US060,NA,NA,2.8575,NA,1.512,NA,US_MA
Anthidium_oblongatum,Megachilidae,Megachilinae,Anthidiini,yes,M,id_23,0.068,NA,4.15,1.7,NA,NA,USA
Anthidium_oblongatum,Megachilidae,Megachilinae,Anthidiini,yes,M,id_48,0.052,NA,2.8,1.5,NA,NA,USA
Anthidium_oblongatum,Megachilidae,Megachilinae,Anthidiini,yes,M,id_F3,0.0473,0.0095,2.643,NA,2.02,0.762,Spain
Anthidium_oblongatum,Megachilidae,Megachilinae,Anthidiini,yes,F,id_42,0.048,NA,2.8,1.5,NA,NA,USA
Anthidium_oblongatum,Megachilidae,Megachilinae,Anthidiini,yes,M,id_39,0.043,NA,2.75,1.6,NA,NA,USA
Anthidium_oblongatum,Megachilidae,Megachilinae,Anthidiini,yes,M,id_26,0.044,NA,2.75,2,2.3,NA,USA
Anthophora_bimaculata,Apidae,Apinae,Anthophorini,yes,M,id_F4,0.0248,0.004,2.82,NA,1.48,NA,Spain
Anthophora_plumipes,Apidae,Apinae,Anthophorini,yes,F,id_H86,NA,NA,4.08,NA,3.676,1.434,Netherlands
Anthophora_plumipes,Apidae,Apinae,Anthophorini,yes,F,id_H105,NA,NA,NA,NA,4.786,NA,Netherlands
Anthophora_plumipes,Apidae,Apinae,Anthophorini,yes,F,id_H104,NA,NA,NA,NA,3.712,0.84,Netherlands
Anthophora_quadrimaculata,Apidae,Apinae,Anthophorini,yes,F,id_H163,NA,NA,3.95,NA,1.852,0.698,Netherlands
Anthophora_quadrimaculata,Apidae,Apinae,Anthophorini,yes,F,id_H160,NA,NA,3.77,NA,2.593,0.959,Netherlands
Anthophora_retusa,Apidae,Apinae,Anthophorini,no,F,id_H137,NA,NA,NA,NA,2.798,1.045,Netherlands
Anthophora_retusa,Apidae,Apinae,Anthophorini,no,M,id_H134,NA,NA,NA,NA,1.446,0.6,Netherlands
Anthophora_retusa,Apidae,Apinae,Anthophorini,no,M,id_H133,NA,NA,NA,NA,1.832,0.637,Netherlands
Anthophora_retusa,Apidae,Apinae,Anthophorini,no,F,id_H161,NA,NA,NA,NA,3.394,1.542,Netherlands
Apis_mellifera,Apidae,Apinae,Apini,yes,F,id_75,0.0797,NA,2.986,1.9,NA,NA,USA
Apis_mellifera,Apidae,Apinae,Apini,yes,F,id_25,0.074,NA,3.079,1.8,1.9,NA,USA
Apis_mellifera,Apidae,Apinae,Apini,yes,F,id_B87,0.0675,0.0075,3.096,NA,1.64,0.79,Spain
Apis_mellifera,Apidae,Apinae,Apini,yes,F,id_64,0.1096,NA,3.036,1.7,NA,NA,USA
Apis_mellifera,Apidae,Apinae,Apini,yes,F,id_B89,NA,NA,3.138,NA,1.6,NA,Spain
Apis_mellifera,Apidae,Apinae,Apini,yes,F,id_63,0.0855,NA,3.25,1.8,NA,NA,USA
Apis_mellifera,Apidae,Apinae,Apini,yes,F,id_B78,0.0713,0.0081,2.995,NA,1.603,0.78,Spain
Apis_mellifera,Apidae,Apinae,Apini,yes,F,id_B82,0.0679,0.0082,2.845,NA,1.64,NA,Spain
Apis_mellifera,Apidae,Apinae,Apini,yes,F,id_71,0.0795,NA,2.986,2,NA,NA,USA
Apis_mellifera,Apidae,Apinae,Apini,yes,F,id_B1,NA,NA,3.105,NA,1.77,1.076,Spain
Apis_mellifera,Apidae,Apinae,Apini,yes,F,id_81,0.0865,NA,3.036,1.9,NA,NA,USA
Apis_mellifera,Apidae,Apinae,Apini,yes,F,id_B79,0.0702,0.0088,2.741,NA,1.6,NA,Spain
Apis_mellifera,Apidae,Apinae,Apini,yes,F,id_B83,0.0878,0.0118,2.943,NA,1.89,0.49,Spain
Augochlora_pura,Halictidae,Halictinae,Augochlorini,yes,F,id_95,0.033,NA,2.47,0.97,NA,NA,USA
Augochlora_pura,Halictidae,Halictinae,Augochlorini,yes,F,US088,NA,NA,1.4605,NA,0.496,NA,US_MA
Augochlora_pura,Halictidae,Halictinae,Augochlorini,yes,F,US071,NA,NA,1.651,NA,0.71,NA,US_MA
Augochlora_pura,Halictidae,Halictinae,Augochlorini,yes,M,id_50,0.0108,NA,2.63,0.55,NA,NA,USA
Augochlora_pura,Halictidae,Halictinae,Augochlorini,yes,F,US154,NA,NA,1.8415,NA,0.614,NA,US_MA
Augochlora_pura,Halictidae,Halictinae,Augochlorini,yes,F,id_138,0.011,NA,1.98,0.52,NA,NA,USA
Augochlora_pura,Halictidae,Halictinae,Augochlorini,yes,F,id_102,0.0244,NA,2.47,0.91,NA,NA,USA
Augochlora_pura,Halictidae,Halictinae,Augochlorini,yes,F,id_207,NA,NA,2.174,NA,0.5,NA,USA
Augochlora_pura,Halictidae,Halictinae,Augochlorini,yes,F,US042,NA,NA,1.5875,NA,0.61,NA,US_MA
Bombus_fervidus,Apidae,Apinae,Bombini,yes,F,id_120,0.076,NA,4.2,2.5,NA,NA,USA
Bombus_hortorum,Apidae,Apinae,Bombini,yes,F,id_H108,NA,NA,3.65,NA,2.334,1.387,Netherlands
Bombus_hortorum,Apidae,Apinae,Bombini,yes,Q,id_H59,NA,NA,4.56,NA,4.787,NA,Netherlands
Bombus_hypnorum,Apidae,Apinae,Bombini,yes,F,id_H88,NA,NA,3.37,NA,2.29,1.086,Netherlands
Bombus_hypnorum,Apidae,Apinae,Bombini,yes,F,id_H111,NA,NA,NA,NA,2.522,1.503,Netherlands
Bombus_hypnorum,Apidae,Apinae,Bombini,yes,F,id_H109,NA,NA,NA,NA,2.947,1.645,Netherlands
Bombus_hypnorum,Apidae,Apinae,Bombini,yes,F,id_H110,NA,NA,NA,NA,3.277,NA,Netherlands
Bombus_impatiens,Apidae,Apinae,Bombini,yes,F,id_21,0.109,NA,4.69,2.5,3.2,NA,USA
Bombus_impatiens,Apidae,Apinae,Bombini,yes,F,id_84,0.0878,NA,3.82,2.2,NA,NA,USA
Bombus_impatiens,Apidae,Apinae,Bombini,yes,F,US161,NA,NA,3.683,NA,2.634,NA,US_MA
Bombus_impatiens,Apidae,Apinae,Bombini,yes,F,id_45,0.129,NA,3.407,2.4,NA,NA,USA
Bombus_impatiens,Apidae,Apinae,Bombini,yes,F,id_127,0.112,NA,3.171,1.9,NA,NA,USA
Bombus_impatiens,Apidae,Apinae,Bombini,yes,F,id_13,0.111,NA,4.62,2.4,2.7,NA,USA
Bombus_impatiens,Apidae,Apinae,Bombini,yes,F,id_147,0.1223,NA,4.55,2.1,NA,NA,USA
Bombus_impatiens,Apidae,Apinae,Bombini,yes,F,id_14,0.086,NA,3.92,2.1,2.4,NA,USA
Bombus_impatiens,Apidae,Apinae,Bombini,yes,F,id_80,0.138,NA,4.55,2.5,NA,NA,USA
Bombus_impatiens,Apidae,Apinae,Bombini,yes,F,id_10,0.092,NA,4.46,2,NA,NA,USA
Bombus_impatiens,Apidae,Apinae,Bombini,yes,F,id_16,0.093,NA,4.23,2.2,NA,NA,USA
Bombus_impatiens,Apidae,Apinae,Bombini,yes,F,id_40,0.172,NA,5.22,3,NA,NA,USA
Bombus_impatiens,Apidae,Apinae,Bombini,yes,F,id_86,0.132,NA,4.49,2.3,NA,NA,USA
Bombus_impatiens,Apidae,Apinae,Bombini,yes,F,id_34,0.22,NA,4.286,2.8,NA,NA,USA
Bombus_impatiens,Apidae,Apinae,Bombini,yes,F,id_46,0.185,NA,4.257,2.9,NA,NA,USA
Bombus_impatiens,Apidae,Apinae,Bombini,yes,F,US160,NA,NA,3.1115,NA,2.387,NA,US_MA
Bombus_impatiens,Apidae,Apinae,Bombini,yes,F,id_128,0.1816,NA,4.86,2.5,NA,NA,USA
Bombus_impatiens,Apidae,Apinae,Bombini,yes,F,id_12,0.132,NA,4.85,2.7,3,NA,USA
Bombus_impatiens,Apidae,Apinae,Bombini,yes,F,id_126,0.0901,NA,4.51,2.2,NA,NA,USA
Bombus_impatiens,Apidae,Apinae,Bombini,yes,F,id_68,0.125,NA,4.31,2.3,NA,NA,USA
Bombus_impatiens,Apidae,Apinae,Bombini,yes,F,id_11,0.083,NA,4,1.8,2.7,NA,USA
Bombus_impatiens,Apidae,Apinae,Bombini,yes,F,id_155,0.0974,NA,4.44,2.2,NA,NA,USA
Bombus_impatiens,Apidae,Apinae,Bombini,yes,F,US159,NA,NA,2.794,NA,2.322,NA,US_MA
Bombus_jonellus,Apidae,Apinae,Bombini,yes,F,id_H170,NA,NA,4.35,NA,2.348,1.168,Netherlands
Bombus_jonellus,Apidae,Apinae,Bombini,yes,F,id_H171,NA,NA,4.13,NA,2.512,1.363,Netherlands
Bombus_jonellus,Apidae,Apinae,Bombini,yes,F,id_H135,NA,NA,NA,NA,1.872,0.782,Netherlands
Bombus_jonellus,Apidae,Apinae,Bombini,yes,F,id_H172,NA,NA,4.22,NA,2.325,NA,Netherlands
Bombus_jonellus,Apidae,Apinae,Bombini,yes,F,id_H76,NA,NA,3.37,NA,2.017,0.94,Netherlands
Bombus_lapidarius,Apidae,Apinae,Bombini,yes,Q,id_H87,NA,NA,5.15,NA,4.474,NA,Netherlands
Bombus_lapidarius,Apidae,Apinae,Bombini,yes,Q,id_H78,NA,NA,5.15,NA,4.655,2.54,Netherlands
Bombus_lapidarius,Apidae,Apinae,Bombini,yes,Q,id_H77,NA,NA,4.97,NA,5.075,2.264,Netherlands
Bombus_lapidarius,Apidae,Apinae,Bombini,yes,Q,id_H62,NA,NA,5.11,NA,4.258,0.914,Netherlands
Bombus_lucorum,Apidae,Apinae,Bombini,yes,M,id_A30,0.1831,NA,4.861,NA,2.4,1.159,Spain
Bombus_muscorum,Apidae,Apinae,Bombini,yes,F,id_F22,0.1288,0.0135,3.727,NA,2.16,1.37,Spain
Bombus_muscorum,Apidae,Apinae,Bombini,yes,F,id_F9,0.1058,0.0119,3.465,NA,1.77,1.028,Spain
Bombus_muscorum,Apidae,Apinae,Bombini,yes,F,id_F15,0.1316,0.0156,4.044,NA,2.02,1.106,Spain
Bombus_muscorum,Apidae,Apinae,Bombini,yes,F,id_F6,0.1258,NA,3.606,NA,1.85,0.948,Spain
Bombus_muscorum,Apidae,Apinae,Bombini,yes,F,id_F8,0.1427,0.0145,4.05,NA,1.9,1.328,Spain
Bombus_muscorum,Apidae,Apinae,Bombini,yes,F,id_F25,0.1251,0.0159,3.585,NA,3.67,1.811,Spain
Bombus_muscorum,Apidae,Apinae,Bombini,yes,F,id_F7,0.1029,0.0147,3.659,NA,1.87,1.295,Spain
Bombus_muscorum,Apidae,Apinae,Bombini,yes,F,id_F24,0.1259,0.0168,4.172,NA,2.7,NA,Spain
Bombus_muscorum,Apidae,Apinae,Bombini,yes,F,id_F5,0.1326,0.0143,3.997,NA,1.7,0.891,Spain
Bombus_pascuorum,Apidae,Apinae,Bombini,yes,F,id_A5,0.178,0.0222,4.329,NA,2.52,1.485,Spain
Bombus_pascuorum,Apidae,Apinae,Bombini,yes,Q,id_H60,NA,NA,4.33,NA,3.871,2.199,Netherlands
Bombus_pascuorum,Apidae,Apinae,Bombini,yes,F,id_A16,0.145,0.0165,3.748,NA,2.44,1.433,Spain
Bombus_pascuorum,Apidae,Apinae,Bombini,yes,F,id_A15,0.188,0.0213,4.105,NA,3.11,1.237,Spain
Bombus_pascuorum,Apidae,Apinae,Bombini,yes,F,id_A13,0.1461,0.0199,3.834,NA,2.89,1.899,Spain
Bombus_pascuorum,Apidae,Apinae,Bombini,yes,F,id_A11,0.1704,0.0195,3.943,NA,3.15,NA,Spain
Bombus_pascuorum,Apidae,Apinae,Bombini,yes,Q,id_H79,NA,NA,4.35,NA,3.932,2.195,Netherlands
Bombus_pascuorum,Apidae,Apinae,Bombini,yes,Q,id_H61,NA,NA,4.39,NA,4.937,2.374,Netherlands
Bombus_pascuorum,Apidae,Apinae,Bombini,yes,F,id_A26,0.1463,0.0157,4.012,NA,2.15,1.304,Spain
Bombus_pratorum,Apidae,Apinae,Bombini,yes,M,id_A21,0.0792,0.0062,3.646,NA,1.79,0.974,Spain
Bombus_pratorum,Apidae,Apinae,Bombini,yes,M,id_A6,0.0934,0.0112,3.714,NA,1.68,0.721,Spain
Bombus_pratorum,Apidae,Apinae,Bombini,yes,Q?,id_H82,NA,NA,4.44,NA,3.278,1.947,Netherlands
Bombus_pratorum,Apidae,Apinae,Bombini,yes,M,id_A18,0.1029,0.0115,3.604,NA,2.5,1.171,Spain
Bombus_pratorum,Apidae,Apinae,Bombini,yes,Q,id_H63,NA,NA,4.11,NA,3.626,2.109,Netherlands
Bombus_pratorum,Apidae,Apinae,Bombini,yes,M,id_A4,0.105,0.0119,3.714,NA,1.89,0.984,Spain
Bombus_pratorum,Apidae,Apinae,Bombini,yes,F,id_H83,NA,NA,3.28,NA,2.348,1.09,Netherlands
Bombus_pratorum,Apidae,Apinae,Bombini,yes,M,id_A9,0.0966,0.0112,3.829,NA,1.84,0.964,Spain
Bombus_pratorum,Apidae,Apinae,Bombini,yes,Q,id_H81,NA,NA,4.35,NA,3.121,1.848,Netherlands
Bombus_pratorum,Apidae,Apinae,Bombini,yes,F,id_A1,0.1186,0.01,3.635,NA,2.06,1.057,Spain
Bombus_pratorum,Apidae,Apinae,Bombini,yes,F,id_A20,0.1036,0.0107,3.576,NA,2.16,1.723,Spain
Bombus_pratorum,Apidae,Apinae,Bombini,yes,M,id_A29,0.1065,0.0129,3.853,NA,2.36,0.961,Spain
Bombus_terrestris,Apidae,Apinae,Bombini,yes,Q,id_H26,NA,NA,5.57,NA,5.564,3.777,Netherlands
Bombus_terrestris,Apidae,Apinae,Bombini,yes,F,id_A25,0.1981,0.0187,4.468,NA,2.75,1.613,Spain
Bombus_terrestris,Apidae,Apinae,Bombini,yes,F,id_B62,0.2288,0.022,4.5,NA,3.09,1.876,Spain
Bombus_terrestris,Apidae,Apinae,Bombini,yes,F,id_A7,0.1233,0.0149,4.032,NA,2.6,1.43,Spain
Bombus_terrestris,Apidae,Apinae,Bombini,yes,F,id_A19,0.1664,NA,4.126,NA,2.94,1.661,Spain
Bombus_terrestris,Apidae,Apinae,Bombini,yes,Q,id_H80,NA,NA,5.42,NA,4.678,2.122,Netherlands
Bombus_terrestris,Apidae,Apinae,Bombini,yes,F,id_B61,0.2779,0.0257,4.713,NA,3.59,1.809,Spain
Bombus_terrestris,Apidae,Apinae,Bombini,yes,F,id_A14,0.193,0.0221,4.68,NA,2.17,1.311,Spain
Bombus_terrestris,Apidae,Apinae,Bombini,yes,M,id_A31,0.1566,0.0166,4.641,NA,2.71,1.514,Spain
Bombus_terrestris,Apidae,Apinae,Bombini,yes,F,id_A8,0.1665,0.0182,4.299,NA,2.95,1.622,Spain
Bombus_terrestris,Apidae,Apinae,Bombini,yes,F,id_A3,0.1677,0.0136,4.289,NA,2.72,1.621,Spain
Bombus_terrestris,Apidae,Apinae,Bombini,yes,F,id_A22,0.1725,0.0171,4.45,NA,3.16,NA,Spain
Bombus_terrestris,Apidae,Apinae,Bombini,yes,Q,id_H58,NA,NA,5.5,NA,5.838,3.359,Netherlands
Bombus_terrestris,Apidae,Apinae,Bombini,yes,F,id_B72,0.1259,0.0126,3.95,NA,2.26,1.401,Spain
Bombus_vagans,Apidae,Apinae,Bombini,yes,F,id_151,0.2823,NA,4.657,2.6,NA,NA,USA
Bombus_vagans,Apidae,Apinae,Bombini,yes,F,id_165,0.1123,NA,4.75,2.6,NA,NA,USA
Bombus_vagans,Apidae,Apinae,Bombini,yes,F,id_148,0.1062,NA,4.68,2.5,NA,NA,USA
Bombus_vagans,Apidae,Apinae,Bombini,yes,M,US075,NA,NA,2.794,NA,1.179,NA,US_MA
Ceratina_calcarata,Apidae,Xylocopinae,Ceratini,yes,F,id_49,0.0115,NA,1.993,0.48,NA,NA,USA
Ceratina_calcarata,Apidae,Xylocopinae,Ceratini,yes,M,US011,NA,NA,1.27,NA,0.207,NA,US_MA
Ceratina_calcarata,Apidae,Xylocopinae,Ceratini,yes,F,id_136,0.0135,NA,1.98,0.5,NA,NA,USA
Ceratina_calcarata,Apidae,Xylocopinae,Ceratini,yes,F,id_33,0.013,NA,2.08,0.39,0.46,NA,USA
Ceratina_calcarata,Apidae,Xylocopinae,Ceratini,yes,M,id_116,0.0088,NA,1.91,0.29,NA,NA,USA
Ceratina_calcarata,Apidae,Xylocopinae,Ceratini,yes,F,id_134,0.0105,NA,1.83,0.28,0.43,NA,USA
Ceratina_calcarata,Apidae,Xylocopinae,Ceratini,yes,M,id_208,NA,NA,0.95,NA,0.4,NA,USA
Ceratina_calcarata,Apidae,Xylocopinae,Ceratini,yes,M,id_51,0.01,NA,2.064,0.38,NA,NA,USA
Ceratina_calcarata,Apidae,Xylocopinae,Ceratini,yes,M,US051,NA,NA,1.27,NA,0.274,NA,US_MA
Ceratina_calcarata,Apidae,Xylocopinae,Ceratini,yes,M,US012,NA,NA,1.397,NA,0.221,NA,US_MA
Ceratina_calcarata,Apidae,Xylocopinae,Ceratini,yes,F,id_158,0.0116,NA,1.88,0.34,NA,NA,USA
Colletes_compactus,Colletidae,Colletinae,Colletini,yes,F,id_159,0.085,NA,2.814,1.6,NA,NA,USA
Colletes_hylaeiformis,Colletidae,Colletinae,Colletini,yes,M,id_F19,0.0152,0.0029,2.311,NA,1.35,0.761,Spain
Colletes_simulans,Colletidae,Colletinae,Colletini,yes,F,id_113,0.055,NA,2.643,1.4,NA,NA,USA
Colletes_simulans,Colletidae,Colletinae,Colletini,yes,M,id_145,0.0507,NA,2.371,1,NA,NA,USA
Colletes_simulans,Colletidae,Colletinae,Colletini,yes,F,id_106,0.0626,NA,2.557,1.6,NA,NA,USA
Colletes_simulans,Colletidae,Colletinae,Colletini,yes,F,id_109,0.0697,NA,2.779,1.5,NA,NA,USA
Dasypoda_cingulata,Melittidae,Dasypodainae,Dasypodaini,yes,M,id_B29,0.0466,0.006,2.739,NA,1.33,0.673,Spain
Dasypoda_cingulata,Melittidae,Dasypodainae,Dasypodaini,yes,M,id_B14,NA,NA,3.023,NA,1.94,0.88,Spain
Dasypoda_cingulata,Melittidae,Dasypodainae,Dasypodaini,yes,M,id_B18,0.0372,0.0055,2.699,NA,1.05,0.44,Spain
Dasypoda_crassicornis,Melittidae,Dasypodainae,Dasypodaini,yes,M,id_B37,0.0419,0.0042,2.588,NA,1.07,0.448,Spain
Dasypoda_hirtipes,Melittidae,Dasypodainae,Dasypodaini,yes,F,id_F36,NA,NA,2.957,NA,1.47,NA,Spain
Dasypoda_iberica,Melittidae,Dasypodainae,Dasypodaini,yes,M,id_B41,0.0408,0.0044,2.529,NA,1.3,0.443,Spain
Dasypoda_iberica,Melittidae,Dasypodainae,Dasypodaini,yes,M,id_B40,0.026,0.0034,2.453,NA,0.93,NA,Spain
Epeolus_scutellaris,Apidae,Nomadinae,Epeolini,yes,M,id_79,0.0273,NA,2.83,1.3,NA,NA,USA
Epeolus_scutellaris,Apidae,Nomadinae,Epeolini,yes,M,id_73,0.024,NA,2.58,1.65,NA,NA,USA
Eucera_elongatula,Apidae,Apinae,Eucerini,yes,F,id_B71,0.0558,0.0077,2.931,NA,1.95,1.225,Spain
Eucera_elongatula,Apidae,Apinae,Eucerini,yes,F,id_A36,0.0399,0.006,2.761,NA,1.23,0.6,Spain
Flavipanurgus_venustus,Andrenidae,Panurginae,Panurgini,yes,F,id_B54,0.0203,0.0036,1.874,NA,0.62,NA,Spain
Flavipanurgus_venustus,Andrenidae,Panurginae,Panurgini,yes,M,id_B55,0.0206,0.0033,1.833,NA,0.92,0.288,Spain
Halictus_confusus,Halictidae,Halictinae,Halictini,yes,M,id_60,0.0104,NA,1.957,0.45,NA,NA,USA
Halictus_confusus,Halictidae,Halictinae,Halictini,yes,F,id_H173,NA,NA,1.91,NA,0.527,0.24,Netherlands
Halictus_confusus,Halictidae,Halictinae,Halictini,yes,F,id_H168,NA,NA,1.77,NA,0.332,0.145,Netherlands
Halictus_confusus,Halictidae,Halictinae,Halictini,yes,F,US050,NA,NA,1.524,NA,0.338,NA,US_MA
Halictus_confusus,Halictidae,Halictinae,Halictini,yes,F,US102,NA,NA,1.3335,NA,0.335,NA,US_MA
Halictus_confusus,Halictidae,Halictinae,Halictini,yes,F,id_210,NA,NA,1.867,NA,0.56,NA,USA
Halictus_ligatus,Halictidae,Halictinae,Halictini,yes,F,id_217,NA,NA,2.65,NA,0.7,NA,USA
Halictus_ligatus,Halictidae,Halictinae,Halictini,yes,M,id_125,0.0102,NA,2.1,0.64,NA,NA,USA
Halictus_ligatus,Halictidae,Halictinae,Halictini,yes,M,id_118,0.0149,NA,2.59,0.55,NA,NA,USA
Halictus_ligatus,Halictidae,Halictinae,Halictini,yes,M,id_140,0.0194,NA,2.52,0.6,0.73,NA,USA
Halictus_ligatus,Halictidae,Halictinae,Halictini,yes,M,id_139,0.0123,NA,2.28,0.46,0.67,NA,USA
Halictus_ligatus,Halictidae,Halictinae,Halictini,yes,M,id_124,0.0117,NA,2.16,0.71,NA,NA,USA
Halictus_ligatus,Halictidae,Halictinae,Halictini,yes,M,id_142,0.0098,NA,2.23,0.56,0.72,NA,USA
Halictus_ligatus,Halictidae,Halictinae,Halictini,yes,M,id_97,0.0238,NA,2.59,0.74,NA,NA,USA
Halictus_ligatus,Halictidae,Halictinae,Halictini,yes,F,US055,NA,NA,2.032,NA,0.653,NA,US_MA
Halictus_ligatus,Halictidae,Halictinae,Halictini,yes,F,US124,NA,NA,1.524,NA,0.395,NA,US_MA
Halictus_ligatus,Halictidae,Halictinae,Halictini,yes,F,id_216,NA,NA,2.55,NA,0.72,NA,USA
Halictus_ligatus,Halictidae,Halictinae,Halictini,yes,M,id_141,0.0077,NA,1.88,0.42,0.63,NA,USA
Halictus_quadricinctus,Halictidae,Halictinae,Halictini,yes,M,id_F20,0.097,0.0148,2.895,NA,1.55,0.665,Spain
Halictus_rubicundus,Halictidae,Halictinae,Halictini,yes,F,id_H127,NA,NA,2.44,NA,0.443,NA,Netherlands
Halictus_rubicundus,Halictidae,Halictinae,Halictini,yes,F,id_H120,NA,NA,2.8,NA,1.06,0.535,Netherlands
Halictus_rubicundus,Halictidae,Halictinae,Halictini,yes,F,US064,NA,NA,2.0955,NA,0.929,NA,US_MA
Halictus_rubicundus,Halictidae,Halictinae,Halictini,yes,F,id_H18,NA,NA,1.92,NA,0.923,0.51,Netherlands
Heriades_rubicola,Megachilidae,Megachilinae,Osmiini,yes,F,id_F18,0.0061,0.0019,1.642,NA,0.42,0.153,Spain
Hoplitis_papaveris,Megachilidae,Megachilinae,Osmiini,yes,F,id_B26,0.027,0.0062,2.213,NA,1.1,0.665,Spain
Hoplitis_papaveris,Megachilidae,Megachilinae,Osmiini,yes,M,id_B28,0.024,0.0051,2.26,NA,0.59,NA,Spain
Hoplitis_papaveris,Megachilidae,Megachilinae,Osmiini,yes,M,id_B75,NA,NA,2.656,NA,1.17,0.538,Spain
Hylaeus_mesillae,Colletidae,Hylaeinae,Hylaeus,yes,F,id_219,NA,NA,1.4,NA,0.26,NA,USA
Hylaeus_modestus,Colletidae,Hylaeinae,Hylaeus,yes,F,id_99,0.0029,NA,1.46,0.22,NA,NA,USA
Hylaeus_modestus,Colletidae,Hylaeinae,Hylaeus,yes,F,id_101,0.0065,NA,1.48,0.23,NA,NA,USA
Hylaeus_modestus,Colletidae,Hylaeinae,Hylaeus,yes,F,id_220,NA,NA,1.65,NA,0.31,NA,USA
Lasioglossum_calceatum,Halictidae,Halictinae,Halictini,yes,F,id_H72,NA,NA,1.65,NA,0.675,0.343,Netherlands
Lasioglossum_calceatum,Halictidae,Halictinae,Halictini,yes,F,id_H101,NA,NA,2.25,NA,0.773,0.316,Netherlands
Lasioglossum_calceatum,Halictidae,Halictinae,Halictini,yes,F,id_H48,NA,NA,1.56,NA,0.506,0.347,Netherlands
Lasioglossum_calceatum,Halictidae,Halictinae,Halictini,yes,F,id_H49,NA,NA,1.83,NA,0.666,0.361,Netherlands
Lasioglossum_calceatum,Halictidae,Halictinae,Halictini,yes,F,id_H102,NA,NA,2.3,NA,0.663,NA,Netherlands
Lasioglossum_calceatum,Halictidae,Halictinae,Halictini,yes,F,id_H16,NA,NA,1.76,NA,0.655,0.398,Netherlands
Lasioglossum_coriaceum,Halictidae,Halictinae,Halictini,yes,F,US054,NA,NA,1.8415,NA,0.84,NA,US_MA
Lasioglossum_coriaceum,Halictidae,Halictinae,Halictini,yes,F,US128,NA,NA,2.032,NA,0.817,NA,US_MA
Lasioglossum_coriaceum,Halictidae,Halictinae,Halictini,yes,M,id_144,0.0249,NA,2.52,0.85,NA,NA,USA
Lasioglossum_coriaceum,Halictidae,Halictinae,Halictini,yes,F,US129,NA,NA,1.8415,NA,0.569,NA,US_MA
Lasioglossum_cressonii,Halictidae,Halictinae,Halictini,yes,F,id_32,0.009,NA,2,0.38,NA,NA,USA
Lasioglossum_dialictus,Halictidae,Halictinae,Halictini,no,F,id_223,NA,NA,1.304,NA,0.31,NA,USA
Lasioglossum_fulvicorne,Halictidae,Halictinae,Halictini,yes,F,id_H24,NA,NA,1.26,NA,0.3,NA,Netherlands
Lasioglossum_imitatum,Halictidae,Halictinae,Halictini,yes,F,id_137,0.0022,NA,1.09,0.15,NA,NA,USA
Lasioglossum_imitatum,Halictidae,Halictinae,Halictini,yes,F,id_163,0.0032,NA,1.29,0.21,NA,NA,USA
Lasioglossum_imitatum,Halictidae,Halictinae,Halictini,yes,M,id_161,0.0016,NA,1.19,0.22,NA,NA,USA
Lasioglossum_imitatum,Halictidae,Halictinae,Halictini,yes,M,id_157,0.0027,NA,1.34,0.2,NA,NA,USA
Lasioglossum_imitatum,Halictidae,Halictinae,Halictini,yes,F,id_55,0.0039,NA,1.79,0.31,NA,NA,USA
Lasioglossum_imitatum,Halictidae,Halictinae,Halictini,yes,F,id_43,0.0037,NA,1.74,0.3,NA,NA,USA
Lasioglossum_immunitum,Halictidae,Halictinae,Halictini,yes,F,id_C7,0.0116,NA,1.854,NA,0.68,0.337,Spain
Lasioglossum_leucozonium,Halictidae,Halictinae,Halictini,yes,F,id_H149,NA,NA,2.22,NA,0.432,0.257,Netherlands
Lasioglossum_leucozonium,Halictidae,Halictinae,Halictini,yes,F,id_H116,NA,NA,2.35,NA,0.672,0.385,Netherlands
Lasioglossum_leucozonium,Halictidae,Halictinae,Halictini,yes,F,id_H148,NA,NA,2.08,NA,0.336,0.185,Netherlands
Lasioglossum_punctatissimum,Halictidae,Halictinae,Halictini,yes,F,id_H114,NA,NA,1.51,NA,0.371,0.157,Netherlands
Lasioglossum_punctatissimum,Halictidae,Halictinae,Halictini,yes,F,id_H113,NA,NA,1.55,NA,0.335,0.181,Netherlands
Lasioglossum_punctatissimum,Halictidae,Halictinae,Halictini,yes,F,id_H132,NA,NA,1.51,NA,0.249,0.199,Netherlands
Lasioglossum_punctatissimum,Halictidae,Halictinae,Halictini,yes,F,id_H131,NA,NA,1.68,NA,0.236,0.157,Netherlands
Lasioglossum_sexnotatum,Halictidae,Halictinae,Halictini,yes,F,id_H130,NA,NA,2.71,NA,1.038,0.484,Netherlands
Lasioglossum_sexnotatum,Halictidae,Halictinae,Halictini,yes,F,id_H152,NA,NA,2.4,NA,0.785,0.4,Netherlands
Lasioglossum_sexnotatum,Halictidae,Halictinae,Halictini,yes,F,id_H167,NA,NA,2.57,NA,0.63,0.34,Netherlands
Lasioglossum_sexstrigatum,Halictidae,Halictinae,Halictini,no,F,id_H19,NA,NA,1.26,NA,0.231,0.178,Netherlands
Lasioglossum_zonulum,Halictidae,Halictinae,Halictini,yes,F,id_H129,NA,NA,2.22,NA,0.733,NA,Netherlands
Lasioglossum_zonulum,Halictidae,Halictinae,Halictini,yes,F,id_H159,NA,NA,2.4,NA,0.608,NA,Netherlands
Lasioglossum_zonulum,Halictidae,Halictinae,Halictini,yes,F,id_H115,NA,NA,2.17,NA,0.64,0.282,Netherlands
Lasioglossum_zonulum,Halictidae,Halictinae,Halictini,yes,F,id_H138,NA,NA,2.35,NA,0.647,NA,Netherlands
Megachile_centuncularis,Megachilidae,Megachilinae,Megachilini,yes,F,id_H169,NA,NA,3.91,NA,1.591,0.835,Netherlands
Megachile_centuncularis,Megachilidae,Megachilinae,Megachilini,yes,F,id_F14,0.0503,0.0111,3.073,NA,1.16,NA,Spain
Megachile_centuncularis,Megachilidae,Megachilinae,Megachilini,yes,F,US135,NA,NA,2.4765,NA,1.095,NA,US_MA
Megachile_centuncularis,Megachilidae,Megachilinae,Megachilini,yes,F,id_H164,NA,NA,3.86,NA,1.68,0.726,Netherlands
Megachile_centuncularis,Megachilidae,Megachilinae,Megachilini,yes,F,id_89,0.05,NA,3.69,1.4,NA,NA,USA
Megachile_latimanus,Megachilidae,Megachilinae,Megachilini,yes,F,id_115,0.1276,NA,3.571,2.1,NA,NA,USA
Megachile_ligniseca,Megachilidae,Megachilinae,Megachilini,yes,F,id_H165,NA,NA,3.9,NA,2.963,1.31,Netherlands
Megachile_mendica,Megachilidae,Megachilinae,Megachilini,yes,F,id_114,0.0755,NA,4.01,2,NA,NA,USA
Megachile_mendica,Megachilidae,Megachilinae,Megachilini,yes,M,US133,NA,NA,2.8575,NA,1.803,NA,US_MA
Megachile_mucida,Megachilidae,Megachilinae,Megachilini,no,F,id_69,0.0817,NA,3.164,1.5,NA,NA,USA
Megachile_pugnata,Megachilidae,Megachilinae,Megachilini,yes,F,id_224,NA,NA,4.08,NA,3,NA,USA
Megachile_relativa,Megachilidae,Megachilinae,Megachilini,yes,F,id_98,0.0443,NA,2.6,1.3,NA,NA,USA
Megachile_relativa,Megachilidae,Megachilinae,Megachilini,yes,F,id_104,0.0535,NA,2.6,1.2,NA,NA,USA
Megachile_relativa,Megachilidae,Megachilinae,Megachilini,yes,F,id_107,0.0568,NA,3.69,1.5,NA,NA,USA
Megachile_rotundata,Megachilidae,Megachilinae,Megachilini,yes,M,id_72,0.0193,NA,2.71,0.93,NA,NA,USA
Megachile_rotundata,Megachilidae,Megachilinae,Megachilini,yes,F,id_225,NA,NA,2.826,NA,2,NA,USA
Megachile_rotundata,Megachilidae,Megachilinae,Megachilini,yes,M,US109,NA,NA,2.2225,NA,1.058,NA,US_MA
Megachile_rotundata,Megachilidae,Megachilinae,Megachilini,yes,F,id_52,0.0285,NA,2.893,1,1.2,NA,USA
Megachile_rotundata,Megachilidae,Megachilinae,Megachilini,yes,M,US110,NA,NA,2.286,NA,1.027,NA,US_MA
Megachile_rotundata,Megachilidae,Megachilinae,Megachilini,yes,M,id_77,0.0178,NA,3.79,0.88,NA,NA,USA
Melissodes_agilis,Apidae,Apinae,Eucerini,yes,M,id_59,0.0355,NA,3.121,1.1,NA,NA,USA
Melissodes_bimaculata,Apidae,Apinae,Eucerini,yes,F,id_133,0.0567,NA,2.514,1,NA,NA,USA
Melissodes_bimaculata,Apidae,Apinae,Eucerini,yes,F,id_132,0.0628,NA,2.643,1.3,NA,NA,USA
Melissodes_bimaculata,Apidae,Apinae,Eucerini,yes,F,US117,NA,NA,2.8575,NA,2.022,NA,US_MA
Melissodes_bimaculata,Apidae,Apinae,Eucerini,yes,M,US122,NA,NA,2.286,NA,1.661,NA,US_MA
Melissodes_desponsus,Apidae,Apinae,Eucerini,yes,F,id_131,0.0654,NA,2.779,1.1,NA,NA,USA
Melissodes_desponsus,Apidae,Apinae,Eucerini,yes,F,id_112,0.0735,NA,2.429,1.6,NA,NA,USA
Nomada_cressonii,Apidae,Nomadinae,Nomadini,yes,F,id_226,NA,NA,2.304,NA,1.76,NA,USA
Nomada_discrepans,Apidae,Nomadinae,Nomadini,yes,M,id_B45,0.0068,0.0013,1.236,NA,0.25,NA,Spain
Nomada_luteoloides,Apidae,Nomadinae,Nomadini,yes,F,id_227,NA,NA,2.435,NA,1.7,NA,USA
Nomada_merceti,Apidae,Nomadinae,Nomadini,yes,F,id_B52,0.013,0.0022,1.415,NA,0.73,0.235,Spain
Nomada_merceti,Apidae,Nomadinae,Nomadini,yes,F,id_B51,0.0113,0.0016,1.343,NA,0.32,0.113,Spain
Nomada_merceti,Apidae,Nomadinae,Nomadini,yes,F,id_B42,0.0113,0.0025,1.541,NA,1.04,0.305,Spain
Nomada_succincta,Apidae,Nomadinae,Nomadini,yes,F,id_B13,NA,NA,2.057,NA,1.34,NA,Spain
Osmia_bicornis,Megachilidae,Megachilinae,Osmiini,yes,F,id_43112,NA,NA,3.193,NA,1.316,0.684,Spain
Osmia_bicornis,Megachilidae,Megachilinae,Osmiini,yes,F,id_68/2,NA,NA,3.342,NA,1.553,0.819,Spain
Osmia_bicornis,Megachilidae,Megachilinae,Osmiini,yes,F,id_34/6,NA,NA,3.314,NA,1.013,0.685,Spain
Osmia_bicornis,Megachilidae,Megachilinae,Osmiini,yes,F,id_43142,NA,NA,3.365,NA,1.548,0.865,Spain
Osmia_bicornis,Megachilidae,Megachilinae,Osmiini,yes,F,id_34/2,NA,NA,3.287,NA,1.237,0.813,Spain
Osmia_bicornis,Megachilidae,Megachilinae,Osmiini,yes,F,id_34/5,NA,NA,3.192,NA,1.517,0.734,Spain
Osmia_bicornis,Megachilidae,Megachilinae,Osmiini,yes,M,id_OB4,NA,NA,2.626,NA,1.328,0.582,Germany
Osmia_bicornis,Megachilidae,Megachilinae,Osmiini,yes,F,id_X1,NA,NA,3.29,NA,1.154,0.754,Spain
Osmia_bicornis,Megachilidae,Megachilinae,Osmiini,yes,M,id_OB6,NA,NA,2.562,NA,1.269,0.619,Germany
Osmia_bicornis,Megachilidae,Megachilinae,Osmiini,yes,F,id_38/1,NA,NA,3.076,NA,1.375,0.713,Spain
Osmia_bicornis,Megachilidae,Megachilinae,Osmiini,yes,F,id_34/4,NA,NA,3.226,NA,1.618,0.894,Spain
Osmia_bicornis,Megachilidae,Megachilinae,Osmiini,yes,F,id_X3,NA,NA,3.381,NA,1.172,0.803,Spain
Osmia_bicornis,Megachilidae,Megachilinae,Osmiini,yes,M,id_OB2,NA,NA,2.771,NA,1.381,0.73,Germany
Osmia_bicornis,Megachilidae,Megachilinae,Osmiini,yes,F,id_33/6,NA,NA,3.18,NA,0.981,0.531,Spain
Osmia_bicornis,Megachilidae,Megachilinae,Osmiini,yes,F,id_H94,NA,NA,3.9,NA,1.56,0.797,Netherlands
Osmia_bicornis,Megachilidae,Megachilinae,Osmiini,yes,F,id_33/2,NA,NA,3.134,NA,1.249,0.564,Spain
Osmia_bicornis,Megachilidae,Megachilinae,Osmiini,yes,F,id_115/1,NA,NA,2.452,NA,1.121,0.582,Spain
Osmia_bicornis,Megachilidae,Megachilinae,Osmiini,yes,F,id_OB5,NA,NA,2.465,NA,1.071,0.315,Germany
Osmia_bicornis,Megachilidae,Megachilinae,Osmiini,yes,F,id_33/3,NA,NA,3.063,NA,0.861,0.556,Spain
Osmia_bicornis,Megachilidae,Megachilinae,Osmiini,yes,M,id_OB9,NA,NA,2.678,NA,0.912,0.258,Germany
Osmia_bicornis,Megachilidae,Megachilinae,Osmiini,yes,F,id_35/1,NA,NA,3.1,NA,1.092,0.556,Spain
Osmia_bicornis,Megachilidae,Megachilinae,Osmiini,yes,F,id_OB11,NA,NA,2.848,NA,1.78,0.912,Germany
Osmia_bicornis,Megachilidae,Megachilinae,Osmiini,yes,F,id_33/51,NA,NA,3.267,NA,1.061,NA,Spain
Osmia_bicornis,Megachilidae,Megachilinae,Osmiini,yes,M,id_OB1,NA,NA,2.767,NA,1.642,0.702,Germany
Osmia_bicornis,Megachilidae,Megachilinae,Osmiini,yes,F,id_43202,NA,NA,3.219,NA,1.065,0.647,Spain
Osmia_bicornis,Megachilidae,Megachilinae,Osmiini,yes,F,id_43232,NA,NA,3.156,NA,1.009,0.505,Spain
Osmia_bicornis,Megachilidae,Megachilinae,Osmiini,yes,F,id_34/3,NA,NA,3.108,NA,1.307,0.738,Spain
Osmia_bicornis,Megachilidae,Megachilinae,Osmiini,yes,F,id_33/1,NA,NA,3.243,NA,1.134,0.758,Spain
Osmia_bicornis,Megachilidae,Megachilinae,Osmiini,yes,F,id_43293,NA,NA,3.313,NA,1.218,0.824,Spain
Osmia_bicornis,Megachilidae,Megachilinae,Osmiini,yes,F,id_34/1,NA,NA,2.926,NA,1.049,0.493,Spain
Osmia_bicornis,Megachilidae,Megachilinae,Osmiini,yes,F,id_12/3,NA,NA,3.302,NA,1.353,0.79,Spain
Osmia_bicornis,Megachilidae,Megachilinae,Osmiini,yes,F,id_OB,NA,NA,3.29,NA,1.238,0.621,Germany
Osmia_bicornis,Megachilidae,Megachilinae,Osmiini,yes,F,id_33/5,NA,NA,3.173,NA,1.095,0.69,Spain
Osmia_bicornis,Megachilidae,Megachilinae,Osmiini,yes,M,id_OB8,NA,NA,2.683,NA,1.403,0.631,Germany
Osmia_caerulescens,Megachilidae,Megachilinae,Osmiini,yes,M,id_152/7,NA,NA,1.803,NA,0.615,0.275,Spain
Osmia_caerulescens,Megachilidae,Megachilinae,Osmiini,yes,M,id_152/6,NA,NA,1.784,NA,0.434,0.276,Spain
Osmia_caerulescens,Megachilidae,Megachilinae,Osmiini,yes,M,id_142/3,NA,NA,1.915,NA,0.588,0.33,Spain
Osmia_caerulescens,Megachilidae,Megachilinae,Osmiini,yes,M,id_152/4,NA,NA,1.742,NA,0.662,0.25,Spain
Osmia_caerulescens,Megachilidae,Megachilinae,Osmiini,yes,F,id_H144,NA,NA,2.8,NA,0.855,0.434,Netherlands
Osmia_caerulescens,Megachilidae,Megachilinae,Osmiini,yes,M,id_50/1,NA,NA,2.538,NA,0.769,0.354,Spain
Osmia_caerulescens,Megachilidae,Megachilinae,Osmiini,yes,M,id_85/1,NA,NA,1.939,NA,0.569,0.38,Spain
Osmia_caerulescens,Megachilidae,Megachilinae,Osmiini,yes,M,id_43/1,NA,NA,2.413,NA,0.8,0.238,Spain
Osmia_caerulescens,Megachilidae,Megachilinae,Osmiini,yes,M,id_120/1,NA,NA,2.269,NA,0.81,0.334,Spain
Osmia_caerulescens,Megachilidae,Megachilinae,Osmiini,yes,M,id_152/3,NA,NA,1.829,NA,0.925,0.321,Spain
Osmia_caerulescens,Megachilidae,Megachilinae,Osmiini,yes,M,id_N105/1,NA,NA,2.024,NA,0.5,0.303,Spain
Osmia_caerulescens,Megachilidae,Megachilinae,Osmiini,yes,M,id_50/2,NA,NA,2.278,NA,0.722,0.436,Spain
Osmia_caerulescens,Megachilidae,Megachilinae,Osmiini,yes,M,id_142/1,NA,NA,1.898,NA,0.599,0.309,Spain
Osmia_caerulescens,Megachilidae,Megachilinae,Osmiini,yes,M,id_N106/1,NA,NA,2.234,NA,0.579,0.279,Spain
Osmia_caerulescens,Megachilidae,Megachilinae,Osmiini,yes,M,id_152/5,NA,NA,1.783,NA,0.407,0.223,Spain
Osmia_caerulescens,Megachilidae,Megachilinae,Osmiini,yes,M,id_46/2,NA,NA,2.283,NA,0.502,0.274,Spain
Osmia_caerulescens,Megachilidae,Megachilinae,Osmiini,yes,M,id_43130,NA,NA,2.467,NA,0.866,0.428,Spain
Osmia_caerulescens,Megachilidae,Megachilinae,Osmiini,yes,M,id_C3,NA,NA,2.719,NA,1.53,0.572,Spain
Osmia_cornuta,Megachilidae,Megachilinae,Osmiini,yes,M,id_OC42,NA,NA,2.616,NA,1.269,0.777,Germany
Osmia_cornuta,Megachilidae,Megachilinae,Osmiini,yes,F,id_OC31,NA,NA,3.974,NA,1.321,0.7,Germany
Osmia_cornuta,Megachilidae,Megachilinae,Osmiini,yes,M,id_OC32,NA,NA,3.366,NA,1.356,0.734,Germany
Osmia_cornuta,Megachilidae,Megachilinae,Osmiini,yes,F,id_OC25,NA,NA,3.828,NA,1.803,0.854,Germany
Osmia_cornuta,Megachilidae,Megachilinae,Osmiini,yes,M,id_OC39,NA,NA,2.899,NA,1.961,0.816,Germany
Osmia_cornuta,Megachilidae,Megachilinae,Osmiini,yes,M,id_OC100,NA,NA,3.101,NA,1.506,0.589,Germany
Osmia_cornuta,Megachilidae,Megachilinae,Osmiini,yes,M,id_OC43,NA,NA,3.12,NA,1.158,0.622,Germany
Osmia_cornuta,Megachilidae,Megachilinae,Osmiini,yes,F,id_OC28,NA,NA,3.607,NA,1.46,0.517,Germany
Osmia_cornuta,Megachilidae,Megachilinae,Osmiini,yes,F,id_OC73,NA,NA,3.761,NA,2.643,1.084,Germany
Osmia_cornuta,Megachilidae,Megachilinae,Osmiini,yes,F,id_OC117,NA,NA,3.447,NA,1.998,0.823,Germany
Osmia_cornuta,Megachilidae,Megachilinae,Osmiini,yes,F,id_OC118,NA,NA,3.855,NA,2.072,0.978,Germany
Osmia_cornuta,Megachilidae,Megachilinae,Osmiini,yes,F,id_OC30,NA,NA,3.117,NA,1.715,0.651,Germany
Osmia_cornuta,Megachilidae,Megachilinae,Osmiini,yes,M,id_OC114,NA,NA,3.045,NA,1.5,0.888,Germany
Osmia_cornuta,Megachilidae,Megachilinae,Osmiini,yes,F,id_OC102,NA,NA,3.115,NA,1.322,0.572,Germany
Osmia_cornuta,Megachilidae,Megachilinae,Osmiini,yes,F,id_OC62,NA,NA,3.891,NA,2.472,1.093,Germany
Osmia_cornuta,Megachilidae,Megachilinae,Osmiini,yes,M,id_OC41,NA,NA,3.034,NA,1.194,0.418,Germany
Osmia_cornuta,Megachilidae,Megachilinae,Osmiini,yes,F,id_OC71,NA,NA,3.694,NA,2.304,1.047,Germany
Osmia_cornuta,Megachilidae,Megachilinae,Osmiini,yes,F,id_OC72,NA,NA,3.587,NA,1.482,0.692,Germany
Osmia_cornuta,Megachilidae,Megachilinae,Osmiini,yes,F,id_OC35,NA,NA,3.78,NA,2.03,0.983,Germany
Osmia_cornuta,Megachilidae,Megachilinae,Osmiini,yes,F,id_OC37,NA,NA,3.647,NA,2.216,1.018,Germany
Osmia_cornuta,Megachilidae,Megachilinae,Osmiini,yes,M,id_OC38,NA,NA,2.802,NA,1.6,0.804,Germany
Osmia_cornuta,Megachilidae,Megachilinae,Osmiini,yes,F,id_OC82,NA,NA,3.343,NA,1.594,0.823,Germany
Osmia_cornuta,Megachilidae,Megachilinae,Osmiini,yes,M,id_OC53,NA,NA,2.921,NA,1.464,0.793,Germany
Osmia_cornuta,Megachilidae,Megachilinae,Osmiini,yes,F,id_OC143,NA,NA,3.827,NA,2.41,1.257,Germany
Osmia_cornuta,Megachilidae,Megachilinae,Osmiini,yes,F,id_OC131,NA,NA,3.69,NA,2.816,1.32,Germany
Osmia_cornuta,Megachilidae,Megachilinae,Osmiini,yes,M,id_OC44,NA,NA,2.798,NA,1.443,0.719,Germany
Osmia_cornuta,Megachilidae,Megachilinae,Osmiini,yes,F,id_OC104,NA,NA,3.198,NA,1.332,0.161,Germany
Osmia_cornuta,Megachilidae,Megachilinae,Osmiini,yes,F,id_OC105,NA,NA,3.704,NA,2.388,1.136,Germany
Osmia_cornuta,Megachilidae,Megachilinae,Osmiini,yes,F,id_OC106,NA,NA,3.567,NA,1.981,0.877,Germany
Osmia_cornuta,Megachilidae,Megachilinae,Osmiini,yes,F,id_OC107,NA,NA,3.719,NA,1.875,0.784,Germany
Osmia_cornuta,Megachilidae,Megachilinae,Osmiini,yes,F,id_OC60,NA,NA,3.768,NA,2.296,1.248,Germany
Osmia_cornuta,Megachilidae,Megachilinae,Osmiini,yes,F,id_OC61,NA,NA,3.613,NA,1.939,0.779,Germany
Osmia_cornuta,Megachilidae,Megachilinae,Osmiini,yes,M,id_OC11,NA,NA,3.094,NA,1.003,0.408,Germany
Osmia_cornuta,Megachilidae,Megachilinae,Osmiini,yes,F,id_OC110,NA,NA,3.775,NA,2.09,0.949,Germany
Osmia_cornuta,Megachilidae,Megachilinae,Osmiini,yes,F,id_OC26,NA,NA,3.718,NA,1.755,0.898,Germany
Osmia_cornuta,Megachilidae,Megachilinae,Osmiini,yes,M,id_OC65,NA,NA,3.379,NA,2.198,1.104,Germany
Osmia_cornuta,Megachilidae,Megachilinae,Osmiini,yes,F,id_OC115,NA,NA,3.379,NA,1.932,0.989,Germany
Osmia_cornuta,Megachilidae,Megachilinae,Osmiini,yes,F,id_OC116,NA,NA,3.605,NA,2.102,0.977,Germany
Osmia_cornuta,Megachilidae,Megachilinae,Osmiini,yes,F,id_OC133,NA,NA,3.597,NA,1.839,0.684,Germany
Osmia_cornuta,Megachilidae,Megachilinae,Osmiini,yes,F,id_OC134,NA,NA,3.95,NA,1.579,0.809,Germany
Osmia_cornuta,Megachilidae,Megachilinae,Osmiini,yes,M,id_OC119,NA,NA,2.785,NA,1.566,0.64,Germany
Osmia_cornuta,Megachilidae,Megachilinae,Osmiini,yes,F,id_OC12,NA,NA,3.427,NA,1.738,NA,Germany
Osmia_cornuta,Megachilidae,Megachilinae,Osmiini,yes,M,id_OC123,NA,NA,3.331,NA,1.988,0.988,Germany
Osmia_cornuta,Megachilidae,Megachilinae,Osmiini,yes,M,id_OC124,NA,NA,2.978,NA,1.746,0.819,Germany
Osmia_cornuta,Megachilidae,Megachilinae,Osmiini,yes,M,id_OC125,NA,NA,3.196,NA,1.589,0.948,Germany
Osmia_cornuta,Megachilidae,Megachilinae,Osmiini,yes,F,id_OC83,NA,NA,3.557,NA,1.668,0.828,Germany
Osmia_cornuta,Megachilidae,Megachilinae,Osmiini,yes,F,id_OC84,NA,NA,3.566,NA,1.531,0.82,Germany
Osmia_cornuta,Megachilidae,Megachilinae,Osmiini,yes,F,id_OC132,NA,NA,3.805,NA,2.314,1.208,Germany
Osmia_cornuta,Megachilidae,Megachilinae,Osmiini,yes,F,id_OC146,NA,NA,3.663,NA,2.115,1.213,Germany
Osmia_cornuta,Megachilidae,Megachilinae,Osmiini,yes,M,id_OC17,NA,NA,2.772,NA,0.92,0.591,Germany
Osmia_cornuta,Megachilidae,Megachilinae,Osmiini,yes,F,id_OC135,NA,NA,3.792,NA,2.356,1.258,Germany
Osmia_cornuta,Megachilidae,Megachilinae,Osmiini,yes,F,id_OC136,NA,NA,4.053,NA,2.583,1.144,Germany
Osmia_cornuta,Megachilidae,Megachilinae,Osmiini,yes,F,id_OC138,NA,NA,3.856,NA,2.434,1.337,Germany
Osmia_cornuta,Megachilidae,Megachilinae,Osmiini,yes,M,id_OC14,NA,NA,2.764,NA,1.288,0.669,Germany
Osmia_cornuta,Megachilidae,Megachilinae,Osmiini,yes,F,id_OC140,NA,NA,3.855,NA,2.186,0.988,Germany
Osmia_cornuta,Megachilidae,Megachilinae,Osmiini,yes,F,id_OC141,NA,NA,3.582,NA,1.842,0.936,Germany
Osmia_cornuta,Megachilidae,Megachilinae,Osmiini,yes,F,id_OC142,NA,NA,3.83,NA,2.2,1.342,Germany
Osmia_cornuta,Megachilidae,Megachilinae,Osmiini,yes,F,id_OC27,NA,NA,3.605,NA,1.765,0.955,Germany
Osmia_cornuta,Megachilidae,Megachilinae,Osmiini,yes,F,id_OC145,NA,NA,3.682,NA,2.249,1.33,Germany
Osmia_cornuta,Megachilidae,Megachilinae,Osmiini,yes,F,id_OC85,NA,NA,3.718,NA,1.387,0.753,Germany
Osmia_cornuta,Megachilidae,Megachilinae,Osmiini,yes,F,id_OC20,NA,NA,3.719,NA,1.71,0.87,Germany
Osmia_cornuta,Megachilidae,Megachilinae,Osmiini,yes,M,id_OC21,NA,NA,3.114,NA,1.19,0.677,Germany
Osmia_cornuta,Megachilidae,Megachilinae,Osmiini,yes,M,id_OC23,NA,NA,3.058,NA,1.362,NA,Germany
Osmia_cornuta,Megachilidae,Megachilinae,Osmiini,yes,F,id_OC79,NA,NA,3.242,NA,1.506,NA,Germany
Osmia_cornuta,Megachilidae,Megachilinae,Osmiini,yes,F,id_OC64,NA,NA,3.337,NA,1.701,0.702,Germany
Osmia_cornuta,Megachilidae,Megachilinae,Osmiini,yes,F,id_OC112,NA,NA,NA,NA,1.945,0.984,Germany
Osmia_cornuta,Megachilidae,Megachilinae,Osmiini,yes,F,id_OC113,NA,NA,3.368,NA,1.835,0.974,Germany
Osmia_cornuta,Megachilidae,Megachilinae,Osmiini,yes,M,id_OC130,NA,NA,3.399,NA,2.216,0.98,Germany
Osmia_cornuta,Megachilidae,Megachilinae,Osmiini,yes,M,id_OC56,NA,NA,2.86,NA,1.575,0.681,Germany
Osmia_cornuta,Megachilidae,Megachilinae,Osmiini,yes,F,id_OC87,NA,NA,3.633,NA,1.73,0.922,Germany
Osmia_cornuta,Megachilidae,Megachilinae,Osmiini,yes,F,id_OC75,NA,NA,3.596,NA,1.885,1.028,Germany
Osmia_cornuta,Megachilidae,Megachilinae,Osmiini,yes,M,id_OC76,NA,NA,2.873,NA,1.223,0.611,Germany
Osmia_cornuta,Megachilidae,Megachilinae,Osmiini,yes,M,id_OC77,NA,NA,2.812,NA,1.874,0.83,Germany
Osmia_cornuta,Megachilidae,Megachilinae,Osmiini,yes,M,id_OC78,NA,NA,2.838,NA,1.695,NA,Germany
Osmia_cornuta,Megachilidae,Megachilinae,Osmiini,yes,M,id_OC52,NA,NA,2.847,NA,1.627,0.758,Germany
Osmia_cornuta,Megachilidae,Megachilinae,Osmiini,yes,F,id_OC97,NA,NA,3.668,NA,1.73,0.849,Germany
Osmia_cornuta,Megachilidae,Megachilinae,Osmiini,yes,M,id_OC54,NA,NA,3.367,NA,1.825,1,Germany
Osmia_cornuta,Megachilidae,Megachilinae,Osmiini,yes,M,id_OC98,NA,NA,3.082,NA,1.449,0.705,Germany
Osmia_cornuta,Megachilidae,Megachilinae,Osmiini,yes,M,id_OC99,NA,NA,2.911,NA,1.221,0.615,Germany
Osmia_cornuta,Megachilidae,Megachilinae,Osmiini,yes,F,id_OC47,NA,NA,3.746,NA,2.146,0.893,Germany
Osmia_cornuta,Megachilidae,Megachilinae,Osmiini,yes,M,id_OC49,NA,NA,2.966,NA,1.563,0.776,Germany
Osmia_cornuta,Megachilidae,Megachilinae,Osmiini,yes,F,id_OC93,NA,NA,NA,NA,2.304,0.822,Germany
Osmia_cornuta,Megachilidae,Megachilinae,Osmiini,yes,F,id_OC111,NA,NA,3.244,NA,1.736,0.935,Germany
Osmia_cornuta,Megachilidae,Megachilinae,Osmiini,yes,F,id_OC95,NA,NA,3.806,NA,1.707,0.945,Germany
Osmia_cornuta,Megachilidae,Megachilinae,Osmiini,yes,F,id_OC109,NA,NA,3.659,NA,1.998,1.032,Germany
Osmia_cornuta,Megachilidae,Megachilinae,Osmiini,yes,M,id_OC103,NA,NA,3.036,NA,1.675,0.877,Germany
Osmia_cornuta,Megachilidae,Megachilinae,Osmiini,yes,F,id_OC90,NA,NA,3.628,NA,1.813,0.684,Germany
Osmia_cornuta,Megachilidae,Megachilinae,Osmiini,yes,F,id_OC91,NA,NA,3.304,NA,1.587,0.824,Germany
Osmia_cornuta,Megachilidae,Megachilinae,Osmiini,yes,F,id_OC108,NA,NA,3.544,NA,1.974,0.936,Germany
Osmia_cornuta,Megachilidae,Megachilinae,Osmiini,yes,F,id_OC94,NA,NA,3.73,NA,2.388,0.802,Germany
Osmia_latreillei,Megachilidae,Megachilinae,Osmiini,no,F,id_105/2,NA,NA,2.863,NA,0.842,0.491,Spain
Osmia_latreillei,Megachilidae,Megachilinae,Osmiini,no,F,id_100/3,NA,NA,2.76,NA,1.315,0.601,Spain
Osmia_leaiana,Megachilidae,Megachilinae,Osmiini,yes,F,id_100/2,NA,NA,2.896,NA,1.285,0.547,Spain
Osmia_leaiana,Megachilidae,Megachilinae,Osmiini,yes,F,id_105/3,NA,NA,2.635,NA,0.92,0.303,Spain
Osmia_submicans,Megachilidae,Megachilinae,Osmiini,yes,F,id_142/2,NA,NA,2.055,NA,0.65,0.308,Spain
Osmia_submicans,Megachilidae,Megachilinae,Osmiini,yes,F,id_152/1,NA,NA,2.044,NA,0.672,0.238,Spain
Osmia_submicans,Megachilidae,Megachilinae,Osmiini,yes,F,id_142/4,NA,NA,2.138,NA,0.43,NA,Spain
Panurgus_banksianus,Andrenidae,Panurginae,Panurgini,yes,F,id_F38,NA,NA,2.379,NA,1.63,1.545,Spain
Panurgus_calcaratus,Andrenidae,Panurginae,Panurgini,yes,M,id_B32,0.0193,0.003,1.822,NA,0.69,0.316,Spain
Panurgus_calcaratus,Andrenidae,Panurginae,Panurgini,yes,M,id_B25,0.0102,0.0024,1.573,NA,0.55,0.309,Spain
Panurgus_calcaratus,Andrenidae,Panurginae,Panurgini,yes,F,id_B19,0.01,0.0023,1.404,NA,0.47,0.135,Spain
Panurgus_calcaratus,Andrenidae,Panurginae,Panurgini,yes,M,id_B23,0.0155,0.0038,1.963,NA,0.53,0.26,Spain
Panurgus_calcaratus,Andrenidae,Panurginae,Panurgini,yes,M,id_B30,0.0184,0.0031,1.831,NA,0.53,NA,Spain
Panurgus_calcaratus,Andrenidae,Panurginae,Panurgini,yes,M,id_B33,0.0115,0.001,1.733,NA,0.48,NA,Spain
Panurgus_calcaratus,Andrenidae,Panurginae,Panurgini,yes,F,id_B20,0.0108,0.0018,1.337,NA,0.43,0.137,Spain
Panurgus_calcaratus,Andrenidae,Panurginae,Panurgini,yes,F,id_B34,0.011,0.002,1.508,NA,0.56,0.163,Spain
Panurgus_dargius,Andrenidae,Panurginae,Panurgini,yes,M,id_B47,0.0089,0.0012,1.558,NA,0.33,0.19,Spain
Panurgus_dargius,Andrenidae,Panurginae,Panurgini,yes,M,id_B48,0.0208,0.0032,1.851,NA,0.68,NA,Spain
Rhodanthidium_sticticum,Megachilidae,Megachilinae,Anthidiini,yes,M,id_A38,0.1333,0.0164,3.823,NA,3.42,0.95,Spain
Rhodanthidium_sticticum,Megachilidae,Megachilinae,Anthidiini,yes,F,id_B22,0.0899,0.00117,3.272,NA,2.55,0.94,Spain
Rhodanthidium_sticticum,Megachilidae,Megachilinae,Anthidiini,yes,M,id_B5,NA,NA,3.412,NA,2.35,0.878,Spain
Stelis_breviuscula,Megachilidae,Megachilinae,Anthidiini,yes,F,id_88/1,NA,NA,2.091,NA,0.416,0.351,Spain
Stelis_breviuscula,Megachilidae,Megachilinae,Anthidiini,yes,F,id_99/1,NA,NA,1.949,NA,0.348,NA,Spain
Stelis_breviuscula,Megachilidae,Megachilinae,Anthidiini,yes,M,id_126/1,NA,NA,1.857,NA,0.566,0.226,Spain
Systropha_planidens,Halictidae,Rophitinae,Rophitinae,yes,F,id_C6,0.0441,NA,2.405,NA,0.92,0.713,Spain
Xylocopa_cantabrita,Apidae,Xylocopinae,Xylocopini,yes,F,id_A32,0.2286,NA,4.999,NA,4.2,1.303,Spain
Xylocopa_cantabrita,Apidae,Xylocopinae,Xylocopini,yes,F,id_B50,0.3612,0.046,5.938,NA,6.66,NA,Spain
Xylocopa_cantabrita,Apidae,Xylocopinae,Xylocopini,yes,F,id_B56,0.3394,0.0445,5.439,NA,4.43,1.629,Spain
Xylocopa_cantabrita,Apidae,Xylocopinae,Xylocopini,yes,M,id_B27,0.3302,0.0465,5.198,NA,5.09,1.45,Spain
Xylocopa_cantabrita,Apidae,Xylocopinae,Xylocopini,yes,F,id_B59,0.3244,0.0477,5.136,NA,4.58,1.248,Spain
Xylocopa_valga,Apidae,Xylocopinae,Xylocopini,yes,F,id_A33,0.4849,0.075,6.455,NA,7.43,2.113,Spain
Xylocopa_valga,Apidae,Xylocopinae,Xylocopini,yes,F,id_B63,0.7588,0.0944,7.593,NA,7.43,2.069,Spain
Xylocopa_violacea,Apidae,Xylocopinae,Xylocopini,yes,F,id_B93,NA,NA,5.997,NA,5.666,2.171,Spain
Xylocopa_violacea,Apidae,Xylocopinae,Xylocopini,yes,M,id_F27,0.4828,0.0452,6.549,NA,6.09,1.92,Spain
Xylocopa_violacea,Apidae,Xylocopinae,Xylocopini,yes,F,id_B95,NA,NA,6.065,NA,6.022,2.31,Spain
Xylocopa_violacea,Apidae,Xylocopinae,Xylocopini,yes,F,id_B92,NA,NA,6.187,NA,6.303,2.376,Spain
Xylocopa_violacea,Apidae,Xylocopinae,Xylocopini,yes,F,id_B94,NA,NA,6.131,NA,5.513,2.044,Spain
Xylocopa_virginica,Apidae,Xylocopinae,Xylocopini,yes,F,id_27,0.601,NA,5.464,4.8,5.1,NA,USA
Xylocopa_virginica,Apidae,Xylocopinae,Xylocopini,yes,F,id_122,0.3924,NA,5.293,4.4,NA,NA,USA
Xylocopa_virginica,Apidae,Xylocopinae,Xylocopini,yes,F,US155,NA,NA,5.207,NA,5.787,NA,US_MA
Xylocopa_virginica,Apidae,Xylocopinae,Xylocopini,yes,F,id_61,0.391,NA,5.114,4.3,4.8,NA,USA
Xylocopa_virginica,Apidae,Xylocopinae,Xylocopini,yes,F,id_135,0.3851,NA,5.464,4.2,NA,NA,USA
Xylocopa_virginica,Apidae,Xylocopinae,Xylocopini,yes,M,id_117,0.3502,NA,5.821,3.9,NA,NA,USA
Xylocopa_virginica,Apidae,Xylocopinae,Xylocopini,yes,M,id_83,0.51,NA,6,5,5.5,NA,USA
Xylocopa_virginica,Apidae,Xylocopinae,Xylocopini,yes,F,id_74,0.47,NA,5.557,5,5.6,NA,USA
Xylocopa_virginica,Apidae,Xylocopinae,Xylocopini,yes,F,US156,NA,NA,6.5405,NA,6.613,NA,US_MA
Xylocopa_virginica,Apidae,Xylocopinae,Xylocopini,yes,F,id_67,0.395,NA,5.379,4.5,5.2,NA,USA
Xylocopa_virginica,Apidae,Xylocopinae,Xylocopini,yes,F,id_82,0.443,NA,5.643,4.8,5.3,NA,USA
Xylocopa_virginica,Apidae,Xylocopinae,Xylocopini,yes,M,id_87,0.436,NA,6.086,4.2,5.6,NA,USA